Company,Ticker,Exchange,Industry,Identifier,Indices,Currency,Trading Date,Tier,Market Cap ($M),Revenue Growth %,P/S,EV/EBITDA,Insider Buying,Analyst Rating,Pending Catalyst,Management Score,Notes,Last Updated,Source
1933 Industries Inc.,TGIF,CSE,Diversified Industries,US Cannabis,CSE Composite,CAD,2017-06-16 04:00:00,T2,,,,,,,,3,,,https://thecse.com/listings
1CM Inc,EPIC,CSE,Life Sciences,Cannabis,CSE Composite,CAD,2018-01-23 05:00:00,T2,,,,,,,,3,,,https://thecse.com/listings
37 Capital Inc.,JJJ,CSE,Mining,,N/A,CAD,2015-09-01 04:00:00,T2,,,,,,,,3,,,https://thecse.com/listings
55 North Mining Inc.,FFF,CSE,Mining,,CSE Composite,CAD,2021-04-20 04:00:00,T2,,,,,,,,3,,,https://thecse.com/listings
AAPKI Ventures Inc.,APKI,CSE,Diversified Industries,,N/A,CAD,2015-11-19 05:00:00,T2,,,,,,,,3,,,https://thecse.com/listings
Abitibi Metals Corp.,AMQ,CSE,Mining,,CSE25,CAD,2020-03-09 04:00:00,T2,,,,,,,,3,,,https://thecse.com/listings
Abound Energy Inc.,ABND,CSE,Technology,,N/A,CAD,2019-07-22 04:00:00,T2,,,,,,,,3,,,https://thecse.com/listings
Adaptogenics Health Corp.,ADPT,CSE,Diversified Industries,,N/A,CAD,2023-01-09 05:00:00,T2,,,,,,,,3,,,https://thecse.com/listings
Adastra Holdings Ltd.,XTRX,CSE,Life Sciences,Cannabis,N/A,CAD,2020-01-06 05:00:00,T2,,,,,,,,3,,,https://thecse.com/listings
Adelayde Exploration Inc. (formerly was SPMT/Spearmint Resources Inc. until 2025-06-27),ADDY,CSE,Mining,,CSE Composite,CAD,2018-10-01 04:00:00,T2,,,,,,,,3,,,https://thecse.com/listings
Adelphi Metals Inc.,ADP,CSE,Mining,,N/A,CAD,2024-11-15 05:00:00,T2,,,,,,,,3,,,https://thecse.com/listings
Adonis Minerals Corp.,ADON,CSE,Mining,,N/A,CAD,2025-03-12 04:00:00,T2,,,,,,,,3,,,https://thecse.com/listings
Aduro Clean Technologies Inc.,ACT,CSE,CleanTech,,CSE25,CAD,2021-04-29 04:00:00,T2,,,,,,,,3,,,https://thecse.com/listings
Advanced Gold Exploration Inc.,AUEX,CSE,Mining,,N/A,CAD,2021-05-28 04:00:00,T2,,,,,,,,3,,,https://thecse.com/listings
Advantex Marketing International Inc.,ADX,CSE,Diversified Industries,,N/A,CAD,2015-09-17 04:00:00,T2,,,,,,,,3,,,https://thecse.com/listings
Aegis Critical Energy Defence Corp. (formerly was PLUG/Energy Plug Technologies Corp. until 2025-11-14),QESS,CSE,Technology,,CSE Composite,CAD,2015-09-18 04:00:00,T2,,,,,,,,3,,,https://thecse.com/listings
"Aether Catalyst Solutions, Inc.",ATHR,CSE,Technology,,N/A,CAD,2019-04-11 04:00:00,T2,,,,,,,,3,,,https://thecse.com/listings
Aether Global Innovations Corp.,AETH,CSE,Technology,,CSE Composite,CAD,2018-11-01 04:00:00,T2,,,,,,,,3,,,https://thecse.com/listings
Affinity Metals Corp.,AFF,CSE,Mining,,N/A,CAD,2023-08-02 04:00:00,T2,,,,,,,,3,,,https://thecse.com/listings
Affinor Growers Inc.,AFI,CSE,Life Sciences,,N/A,CAD,2015-09-01 04:00:00,T2,,,,,,,,3,,,https://thecse.com/listings
AI-ML Innovations Inc.,AIML,CSE,Life Sciences,,CSE Composite,CAD,2021-01-11 05:00:00,T2,,,,,,,,3,,,https://thecse.com/listings
Aion Therapeutic Inc.,AION,CSE,Life Sciences,Cannabis,N/A,CAD,2019-02-21 05:00:00,T2,,,,,,,,3,,,https://thecse.com/listings
Alaros Exploration Inc.,ALAR,CSE,Mining,,N/A,CAD,2026-01-26 05:00:00,T2,,,,,,,,3,,,https://thecse.com/listings
Albert Labs International Corp.,ABRT,CSE,Life Sciences,,N/A,CAD,2022-03-10 05:00:00,T2,,,,,,,,3,,,https://thecse.com/listings
Aleen Inc.,ALEN.U,CSE,Technology,,N/A,USD,2025-06-06 04:00:00,T2,,,,,,,,3,,,https://thecse.com/listings
Algernon Health Inc. (formerly was AGN/Algernon Pharmaceuticals Inc. until 2025-10-17),AGN,CSE,Life Sciences,,N/A,CAD,2016-02-01 05:00:00,T2,,,,,,,,3,,,https://thecse.com/listings
Allied Critical Metals Inc.,ACM,CSE,Mining,,CSE25,CAD,2025-04-30 04:00:00,T2,,,,,,,,3,,,https://thecse.com/listings
Allied Strategic Resource Corp.,ASR,CSE,Mining,,CSE Composite,CAD,2026-03-31 04:00:00,T2,,,,,,,,3,,,https://thecse.com/listings
Alma Gold Inc.,ALMA,CSE,Mining,,CSE Composite,CAD,2021-10-07 04:00:00,T2,,,,,,,,3,,,https://thecse.com/listings
AlphaGen Intelligence Corp.,AIC,CSE,Technology,,CSE Composite,CAD,2021-05-14 04:00:00,T2,,,,,,,,3,,,https://thecse.com/listings
American Aires Inc.,WIFI,CSE,Technology,,CSE Composite,CAD,2019-11-07 05:00:00,T2,,,,,,,,3,,,https://thecse.com/listings
American Atomics Inc. (formerly was GNEM/Great Northern Energy Metals Inc. until 2025-07-30),NUKE,CSE,Mining,,CSE Composite,CAD,2025-01-24 05:00:00,T2,,,,,,,,3,,,https://thecse.com/listings
American Copper Development Corporation,ACDX,CSE,Mining,,CSE Composite,CAD,2022-08-30 04:00:00,T2,,,,,,,,3,,,https://thecse.com/listings
American Critical Elements Inc.,ACRE,CSE,Mining,,N/A,CAD,2015-09-17 04:00:00,T2,,,,,,,,3,,,https://thecse.com/listings
American Critical Minerals Corp.,KCLI,CSE,Mining,,CSE Composite,CAD,2015-09-01 04:00:00,T2,,,,,,,,3,,,https://thecse.com/listings
American Pacific Mining Corp.,USGD,CSE,Mining,,N/A,CAD,2018-03-08 05:00:00,T2,,,,,,,,3,,,https://thecse.com/listings
American Salars Lithium Inc.,USLI,CSE,Mining,,N/A,CAD,2021-12-23 05:00:00,T2,,,,,,,,3,,,https://thecse.com/listings
American Tungsten Corp.,TUNG,CSE,Mining,,CSE Composite,CAD,2023-05-04 04:00:00,T2,,,,,,,,3,,,https://thecse.com/listings
Ameriwest Critical Metals Inc. (formerly was AWLI/Ameriwest Lithium Inc. until 2025-08-27),AWCM,CSE,Mining,,CSE Composite,CAD,2020-07-24 04:00:00,T2,,,,,,,,3,,,https://thecse.com/listings
AmmPower Corp,AMMP,CSE,Technology,,N/A,CAD,2020-10-06 04:00:00,T2,,,,,,,,3,,,https://thecse.com/listings
Anonymous Intelligence Company Inc.,ANON,CSE,Technology,,CSE Composite,CAD,2016-12-01 05:00:00,T2,,,,,,,,3,,,https://thecse.com/listings
Anteros Metals Inc.,ANT,CSE,Mining,,CSE Composite,CAD,2025-01-31 05:00:00,T2,,,,,,,,3,,,https://thecse.com/listings
Antimony Resources Corp.,ATMY,CSE,Mining,,CSE Composite,CAD,2021-11-08 05:00:00,T2,,,,,,,,3,,,https://thecse.com/listings
Apex Critical Metals Corp.,APXC,CSE,Mining,,CSE25,CAD,2023-03-15 04:00:00,T2,,,,,,,,3,,,https://thecse.com/listings
Appia Rare Earths & Uranium Corp,API,CSE,Mining,,CSE Composite,CAD,2015-09-14 04:00:00,T2,,,,,,,,3,,,https://thecse.com/listings
Aquarius Surgical Technologies Inc.,ASTI,CSE,Technology,,N/A,CAD,2017-06-21 04:00:00,T2,,,,,,,,3,,,https://thecse.com/listings
Arctic Fox Lithium Corp.,AFX,CSE,Mining,,CSE Composite,CAD,2021-06-04 04:00:00,T2,,,,,,,,3,,,https://thecse.com/listings
Ares Strategic Mining Inc.,ARS,CSE,Mining,,CSE25,CAD,2021-10-22 04:00:00,T2,,,,,,,,3,,,https://thecse.com/listings
Argo Gold Inc.,ARQ,CSE,Mining,,CSE Composite,CAD,2016-09-22 04:00:00,T2,,,,,,,,3,,,https://thecse.com/listings
Argo Graphene Solutions Corp. (formerly was ARGO/Argo Living Soils Corp until 2025-07-07),ARGO,CSE,Diversified Industries,,CSE Composite,CAD,2021-08-03 04:00:00,T2,,,,,,,,3,,,https://thecse.com/listings
Argyle Resources Corp.,ARGL,CSE,Mining,,CSE Composite,CAD,2024-05-27 04:00:00,T2,,,,,,,,3,,,https://thecse.com/listings
Armada Mercantile Ltd.,ARM,CSE,Diversified Industries,,CSE Composite,CAD,2015-09-24 04:00:00,T2,,,,,,,,3,,,https://thecse.com/listings
Armory Mining Corp.,ARMY,CSE,Mining,,N/A,CAD,2018-08-24 04:00:00,T2,,,,,,,,3,,,https://thecse.com/listings
Arway Corporation,ARWY,CSE,Technology,,N/A,CAD,2022-10-26 04:00:00,T2,,,,,,,,3,,,https://thecse.com/listings
"Ascend Wellness Holdings, Inc.",AAWH.U,CSE,Life Sciences,,N/A,USD,2021-05-04 04:00:00,T2,,,,,,,,3,,,https://thecse.com/listings
ASEP Medical Holdings Inc.,ASEP,CSE,Life Sciences,,N/A,CAD,2021-11-22 05:00:00,T2,,,,,,,,3,,,https://thecse.com/listings
Ashley Gold Corp,ASHL,CSE,Mining,,CSE Composite,CAD,2022-05-02 04:00:00,T2,,,,,,,,3,,,https://thecse.com/listings
Asia Green Biotechnology Corp.,ASIA,CSE,Life Sciences,Cannabis,N/A,CAD,2019-01-24 05:00:00,T2,,,,,,,,3,,,https://thecse.com/listings
ATERRA Metals Inc. (formerly was CSS/Cascada Silver Corp. until 2025-12-15),ATC,CSE,Mining,,CSE Composite,CAD,2021-03-12 05:00:00,T2,,,,,,,,3,,,https://thecse.com/listings
Athena Gold Corporation,ATHA,CSE,Mining,,CSE Composite,CAD,2021-10-18 04:00:00,T2,,,,,,,,3,,,https://thecse.com/listings
Atmofizer Technologies Inc.,ATMO,CSE,Technology,,N/A,CAD,2021-11-18 05:00:00,T2,,,,,,,,3,,,https://thecse.com/listings
Auric Minerals Corp.,AUMC,CSE,Mining,,CSE Composite,CAD,2023-12-14 05:00:00,T2,,,,,,,,3,,,https://thecse.com/listings
Aurwest Resources Corporation,AWR,CSE,Mining,,N/A,CAD,2015-09-09 04:00:00,T2,,,,,,,,3,,,https://thecse.com/listings
Auxico Resources Canada Inc.,AUAG,CSE,Mining,,N/A,CAD,2017-10-17 04:00:00,T2,,,,,,,,3,,,https://thecse.com/listings
Avanti Gold Corp.,AGC,CSE,Mining,,CSE25,CAD,2015-09-03 04:00:00,T2,,,,,,,,3,,,https://thecse.com/listings
Avarone Metals Inc.,AVM.X,CSE,Mining,,N/A,CAD,2016-02-01 05:00:00,T2,,,,,,,,3,,,https://thecse.com/listings
Aventis Energy Inc. (formerly was VBAM/Vital Battery Metals Inc. until 2025-05-12),AVE,CSE,Mining,,CSE Composite,CAD,2022-07-21 04:00:00,T2,,,,,,,,3,,,https://thecse.com/listings
Avila Energy Corporation,VIK,CSE,Oil and Gas,,N/A,CAD,2022-06-30 04:00:00,T2,,,,,,,,3,,,https://thecse.com/listings
Avventura Resources Ltd.,AA,CSE,Mining,,N/A,CAD,2025-08-26 04:00:00,T2,,,,,,,,3,,,https://thecse.com/listings
Ayr Wellness Inc.,AYR.NT.A.U,CSE,Life Sciences,,N/A,USD,2024-08-15 04:00:00,T2,,,,,,,,3,,,https://thecse.com/listings
"Ayr Wellness Inc. S.V., RVS, L.V.",AYR.A,CSE,Life Sciences,US Cannabis,N/A,CAD,2019-08-19 04:00:00,T2,,,,,,,,3,,,https://thecse.com/listings
Ayurcann Holdings Corp,AYUR,CSE,Life Sciences,Cannabis,N/A,CAD,2021-04-08 04:00:00,T2,,,,,,,,3,,,https://thecse.com/listings
B.E.S.T. Venture Opportunities Fund Inc. Class A Series I,BVOF.A,CSE,Diversified Industries,,N/A,CAD,2022-11-25 05:00:00,T2,,,,,,,,3,,,https://thecse.com/listings
B.E.S.T. Venture Opportunities Fund Inc. Class A Series II,BVOF.B,CSE,Diversified Industries,,N/A,CAD,2022-11-25 05:00:00,T2,,,,,,,,3,,,https://thecse.com/listings
BacTech Environmental Corporation,BAC,CSE,CleanTech,,CSE Composite,CAD,2015-09-04 04:00:00,T2,,,,,,,,3,,,https://thecse.com/listings
Bahia Metals Corp.,BMT,CSE,Mining,,N/A,CAD,2026-02-12 05:00:00,T2,,,,,,,,3,,,https://thecse.com/listings
Barranco Gold Mining Corp.,BAR,CSE,Mining,,CSE Composite,CAD,2025-02-06 05:00:00,T2,,,,,,,,3,,,https://thecse.com/listings
Battery X Metals Inc.,BATX,CSE,Mining,,CSE Composite,CAD,2020-03-12 04:00:00,T2,,,,,,,,3,,,https://thecse.com/listings
Bayridge Resources Corp.,BYRG,CSE,Mining,,N/A,CAD,2023-11-27 05:00:00,T2,,,,,,,,3,,,https://thecse.com/listings
Beaumont Exploration Corp.,BEAU,CSE,Mining,,N/A,CAD,2026-02-26 05:00:00,T2,,,,,,,,3,,,https://thecse.com/listings
Beckett's Inc.,BKTS,CSE,Diversified Industries,US Cannabis,CSE Composite,CAD,2016-01-28 05:00:00,T2,,,,,,,,3,,,https://thecse.com/listings
Bee Vectoring Technologies International Inc.,BEE,CSE,Technology,,N/A,CAD,2020-08-21 04:00:00,T2,,,,,,,,3,,,https://thecse.com/listings
Belgravia Hartford Capital Inc.,BLGV,CSE,Diversified Industries,,N/A,CAD,2017-11-23 05:00:00,T2,,,,,,,,3,,,https://thecse.com/listings
Berkley Renewables Inc.,BKS,CSE,Diversified Industries,,N/A,CAD,2015-09-03 04:00:00,T2,,,,,,,,3,,,https://thecse.com/listings
BetterLife Pharma Inc.,BETR,CSE,Life Sciences,,CSE Composite,CAD,2020-09-01 04:00:00,T2,,,,,,,,3,,,https://thecse.com/listings
Bettermoo(d) Food Corporation,MOOO.X,CSE,Life Sciences,,N/A,CAD,2020-12-14 05:00:00,T2,,,,,,,,3,,,https://thecse.com/listings
Beyond Minerals Inc. (formerly was BY/Beyond Lithium Inc. until 2026-02-05),BY,CSE,Mining,,N/A,CAD,2022-04-13 04:00:00,T2,,,,,,,,3,,,https://thecse.com/listings
BGX - Black Gold Exploration Corp.,BGX,CSE,Mining,,N/A,CAD,2024-02-21 05:00:00,T2,,,,,,,,3,,,https://thecse.com/listings
Big Gold Inc.,BG,CSE,Mining,,N/A,CAD,2022-09-21 04:00:00,T2,,,,,,,,3,,,https://thecse.com/listings
Biocure Technology Inc.,CURE.X,CSE,Life Sciences,,N/A,CAD,2017-11-29 05:00:00,T2,,,,,,,,3,,,https://thecse.com/listings
BioMark Diagnostics Inc.,BUX,CSE,Life Sciences,,CSE Composite,CAD,2015-09-02 04:00:00,T2,,,,,,,,3,,,https://thecse.com/listings
BioNxt Solutions Inc.,BNXT,CSE,Life Sciences,,CSE Composite,CAD,2019-07-31 04:00:00,T2,,,,,,,,3,,,https://thecse.com/listings
BIOSENTA Inc.,ZRO,CSE,Diversified Industries,,N/A,CAD,2015-09-11 04:00:00,T2,,,,,,,,3,,,https://thecse.com/listings
BioVaxys Technology Corp.,BIOV,CSE,Life Sciences,,CSE Composite,CAD,2020-10-06 04:00:00,T2,,,,,,,,3,,,https://thecse.com/listings
Birchtree Investments Ltd.,BRCH,CSE,Diversified Industries,,CSE Composite,CAD,2023-03-01 05:00:00,T2,,,,,,,,3,,,https://thecse.com/listings
Bird River Resources Inc.,BDR,CSE,Oil and Gas,,N/A,CAD,2015-10-09 04:00:00,T2,,,,,,,,3,,,https://thecse.com/listings
BitRush Corp.,BRH,CSE,Technology,,N/A,CAD,2015-09-14 04:00:00,T2,,,,,,,,3,,,https://thecse.com/listings
Bitzero Holdings Inc.,BITZ.U,CSE,Technology,,N/A,USD,2025-11-24 05:00:00,T2,,,,,,,,3,,,https://thecse.com/listings
Blackhawk Growth Corp. (formerly was BLR/Blackhawk Growth Corp. until 2025-12-17),BLR.X,CSE,Diversified Industries,,N/A,CAD,2019-03-05 05:00:00,T2,,,,,,,,3,,,https://thecse.com/listings
Blast Resources Inc.,BLST,CSE,Mining,,CSE Composite,CAD,2023-09-18 04:00:00,T2,,,,,,,,3,,,https://thecse.com/listings
Blender Bites Limited,BITE,CSE,Diversified Industries,,N/A,CAD,2021-09-21 04:00:00,T2,,,,,,,,3,,,https://thecse.com/listings
Blockchain Venture Capital Inc.,BVCI,CSE,Technology,Blockchain,CSE Composite,CAD,2022-08-12 04:00:00,T2,,,,,,,,3,,,https://thecse.com/listings
Blue Horizon Global Capital Corp.,BHCC,CSE,Diversified Industries,,N/A,CAD,2023-12-28 05:00:00,T2,,,,,,,,3,,,https://thecse.com/listings
Blue Lagoon Resources Inc.,BLLG,CSE,Mining,,CSE25,CAD,2019-07-04 04:00:00,T2,,,,,,,,3,,,https://thecse.com/listings
Blueberries Medical Corp.,BBM,CSE,Life Sciences,Cannabis,CSE Composite,CAD,2019-02-06 05:00:00,T2,,,,,,,,3,,,https://thecse.com/listings
Bluesky Digital Assets Corp.,BTC,CSE,Diversified Industries,Blockchain,N/A,CAD,2016-05-18 04:00:00,T2,,,,,,,,3,,,https://thecse.com/listings
Bluesky Digital Assets Corp. Pr A,BTC.PR.A,CSE,Diversified Industries,Blockchain,N/A,CAD,2016-09-12 04:00:00,T2,,,,,,,,3,,,https://thecse.com/listings
BluSky Carbon Inc.,BSKY,CSE,Technology,,N/A,CAD,2024-06-20 04:00:00,T2,,,,,,,,3,,,https://thecse.com/listings
Boba Mint Holdings Ltd.,TNJ,CSE,Technology,,CSE Composite,CAD,2024-04-26 04:00:00,T2,,,,,,,,3,,,https://thecse.com/listings
Body and Mind Inc.,BAMM,CSE,Life Sciences,US Cannabis,N/A,CAD,2017-12-07 05:00:00,T2,,,,,,,,3,,,https://thecse.com/listings
Bolt Metals Corp.,BOLT,CSE,Mining,,CSE Composite,CAD,2017-10-24 04:00:00,T2,,,,,,,,3,,,https://thecse.com/listings
Boosh Plant-Based Brands Inc.,VEGI,CSE,Life Sciences,,N/A,CAD,2021-05-26 04:00:00,T2,,,,,,,,3,,,https://thecse.com/listings
Boreal Gold Inc.,BGLD,CSE,Mining,,CSE Composite,CAD,2024-12-17 05:00:00,T2,,,,,,,,3,,,https://thecse.com/listings
BrandPilot AI Inc.,BPAI,CSE,Technology,,N/A,CAD,2024-07-08 04:00:00,T2,,,,,,,,3,,,https://thecse.com/listings
Braxia Scientific Corp,BRAX,CSE,Diversified Industries,,N/A,CAD,2020-03-02 05:00:00,T2,,,,,,,,3,,,https://thecse.com/listings
Bright Minds Biosciences Inc.,DRUG,CSE,Life Sciences,,CSE25,CAD,2021-02-08 05:00:00,T2,,,,,,,,3,,,https://thecse.com/listings
Britannia Life Sciences Inc.,BLAB,CSE,Diversified Industries,US Cannabis,CSE Composite,CAD,2021-11-18 05:00:00,T2,,,,,,,,3,,,https://thecse.com/listings
BRS Resources Ltd.,BRS,CSE,Mining,,CSE Composite,CAD,2024-09-03 04:00:00,T2,,,,,,,,3,,,https://thecse.com/listings
Burrell Resources Inc.,BURY,CSE,Mining,,N/A,CAD,2021-07-12 04:00:00,T2,,,,,,,,3,,,https://thecse.com/listings
BYT Holdings Ltd.,BYT,CSE,Diversified Industries,,N/A,CAD,2020-06-08 04:00:00,T2,,,,,,,,3,,,https://thecse.com/listings
C21 Investments Inc.,CXXI,CSE,Life Sciences,"Cannabis, US Cannabis",CSE Composite,CAD,2018-06-18 04:00:00,T2,,,,,,,,3,,,https://thecse.com/listings
Cameo Resources Inc.,MEO,CSE,Mining,,CSE Composite,CAD,2024-05-08 04:00:00,T2,,,,,,,,3,,,https://thecse.com/listings
Canadian Copper Inc.,CCI,CSE,Mining,,CSE25,CAD,2022-07-26 04:00:00,T2,,,,,,,,3,,,https://thecse.com/listings
Canadian GoldCamps Corp.,CAMP,CSE,Mining,,CSE Composite,CAD,2016-08-05 04:00:00,T2,,,,,,,,3,,,https://thecse.com/listings
Canadian Uranium Corp. (formerly was FREE/Free Battery Metal Limited until 2025-12-04),CANU,CSE,Mining,,N/A,CAD,2023-06-13 04:00:00,T2,,,,,,,,3,,,https://thecse.com/listings
Canamera Energy Metals Corp.,EMET,CSE,Mining,,CSE Composite,CAD,2020-03-05 05:00:00,T2,,,,,,,,3,,,https://thecse.com/listings
Canamex Gold Corp.,CSQ,CSE,Mining,,N/A,CAD,2018-05-07 04:00:00,T2,,,,,,,,3,,,https://thecse.com/listings
Canary Gold Corp.,BRAZ,CSE,Mining,,CSE Composite,CAD,2024-11-18 05:00:00,T2,,,,,,,,3,,,https://thecse.com/listings
Cannabix Technologies Inc.,BLO,CSE,Technology,Cannabis,CSE Composite,CAD,2015-09-01 04:00:00,T2,,,,,,,,3,,,https://thecse.com/listings
Cannibble Food-Tech Ltd,PLCN,CSE,Life Sciences,,N/A,CAD,2022-03-03 05:00:00,T2,,,,,,,,3,,,https://thecse.com/listings
Canter Resources Corp,CRC,CSE,Mining,,CSE Composite,CAD,2021-12-20 05:00:00,T2,,,,,,,,3,,,https://thecse.com/listings
Caprock Mining Corp,CAPR,CSE,Mining,,CSE Composite,CAD,2022-01-26 05:00:00,T2,,,,,,,,3,,,https://thecse.com/listings
Captiva Verde Wellness Corp.,PWR,CSE,Life Sciences,Cannabis,CSE Composite,CAD,2018-10-10 04:00:00,T2,,,,,,,,3,,,https://thecse.com/listings
Captor Capital Corp,CPTR,CSE,Diversified Industries,Cannabis,N/A,CAD,2017-10-30 04:00:00,T2,,,,,,,,3,,,https://thecse.com/listings
Carlyle Commodities Corp.,CCC,CSE,Mining,,N/A,CAD,2018-10-24 04:00:00,T2,,,,,,,,3,,,https://thecse.com/listings
Carmanah Minerals Corp.,CARM,CSE,Mining,,N/A,CAD,2022-06-28 04:00:00,T2,,,,,,,,3,,,https://thecse.com/listings
Carson River Ventures Corp.,CRIV,CSE,Mining,,N/A,CAD,2022-02-07 05:00:00,T2,,,,,,,,3,,,https://thecse.com/listings
Cartier Silver Corporation,CFE,CSE,Mining,,CSE Composite,CAD,2015-09-01 04:00:00,T2,,,,,,,,3,,,https://thecse.com/listings
Cascade Copper Corp.,CASC,CSE,Mining,,N/A,CAD,2023-04-25 04:00:00,T2,,,,,,,,3,,,https://thecse.com/listings
CAT Strategic Metals Corporation,CAT,CSE,Mining,,N/A,CAD,2018-06-11 04:00:00,T2,,,,,,,,3,,,https://thecse.com/listings
CAT Strategic Metals Corporation 21NOV2030 Warrants,CAT.WT,CSE,Mining,,N/A,CAD,2025-11-24 05:00:00,T2,,,,,,,,3,,,https://thecse.com/listings
CDN Maverick Capital Corp,CDN,CSE,Mining,,CSE Composite,CAD,2019-11-04 05:00:00,T2,,,,,,,,3,,,https://thecse.com/listings
CENTR Brands Corp.,CNTR,CSE,Life Sciences,,N/A,CAD,2019-04-03 04:00:00,T2,,,,,,,,3,,,https://thecse.com/listings
Certive Solutions Inc.,CBP,CSE,Technology,,N/A,CAD,2015-09-02 04:00:00,T2,,,,,,,,3,,,https://thecse.com/listings
Champion Electric Metals Inc.,LTHM,CSE,Mining,,N/A,CAD,2018-09-27 04:00:00,T2,,,,,,,,3,,,https://thecse.com/listings
ChitogenX Inc.,CHGX,CSE,Life Sciences,,N/A,CAD,2017-10-10 04:00:00,T2,,,,,,,,3,,,https://thecse.com/listings
Christina Lake Cannabis Corp,CLC,CSE,Life Sciences,Cannabis,CSE Composite,CAD,2020-10-01 04:00:00,T2,,,,,,,,3,,,https://thecse.com/listings
Ciscom Corp.,CISC,CSE,Diversified Industries,,N/A,CAD,2023-06-30 04:00:00,T2,,,,,,,,3,,,https://thecse.com/listings
City View Green Holdings Inc.,CVGR,CSE,Diversified Industries,Cannabis,N/A,CAD,2019-03-05 05:00:00,T2,,,,,,,,3,,,https://thecse.com/listings
Clara Technologies Corp.,CLTE,CSE,Technology,,CSE Composite,CAD,2023-12-22 05:00:00,T2,,,,,,,,3,,,https://thecse.com/listings
Clarity Metals Corp.,CMET,CSE,Mining,,CSE Composite,CAD,2020-06-29 04:00:00,T2,,,,,,,,3,,,https://thecse.com/listings
Class 1 Nickel and Technologies Limited,NICO,CSE,Mining,,CSE Composite,CAD,2020-08-20 04:00:00,T2,,,,,,,,3,,,https://thecse.com/listings
CleanGo Innovations Inc.,CGII,CSE,Diversified Industries,,N/A,CAD,2021-09-08 04:00:00,T2,,,,,,,,3,,,https://thecse.com/listings
Cloud3 Ventures Inc.,CLDV,CSE,Diversified Industries,Blockchain,N/A,CAD,2023-09-11 04:00:00,T2,,,,,,,,3,,,https://thecse.com/listings
CMP Mining Inc.,CMP,CSE,Mining,,N/A,CAD,2023-01-26 05:00:00,T2,,,,,,,,3,,,https://thecse.com/listings
CMX Gold & Silver Corp.,CXC,CSE,Mining,,CSE Composite,CAD,2015-09-08 04:00:00,T2,,,,,,,,3,,,https://thecse.com/listings
Collective Metals Inc.,COMT,CSE,Mining,,CSE Composite,CAD,2022-06-27 04:00:00,T2,,,,,,,,3,,,https://thecse.com/listings
Commodore Metals Corp.,C,CSE,Mining,,CSE Composite,CAD,2025-09-29 04:00:00,T2,,,,,,,,3,,,https://thecse.com/listings
Copland Road Capital Corporation,CRCC,CSE,Diversified Industries,,N/A,CAD,2015-09-15 04:00:00,T2,,,,,,,,3,,,https://thecse.com/listings
Copper Quest Exploration Inc.,CQX,CSE,Mining,,CSE Composite,CAD,2019-09-24 04:00:00,T2,,,,,,,,3,,,https://thecse.com/listings
Copper Standard Resources Inc.,CSR,CSE,Mining,,CSE Composite,CAD,2020-12-14 05:00:00,T2,,,,,,,,3,,,https://thecse.com/listings
Corcel Exploration Inc,CRCL,CSE,Mining,,CSE Composite,CAD,2021-12-03 05:00:00,T2,,,,,,,,3,,,https://thecse.com/listings
CordovaCann Corp.,CDVA,CSE,Life Sciences,Cannabis,N/A,CAD,2018-08-08 04:00:00,T2,,,,,,,,3,,,https://thecse.com/listings
Core Silver Corp. (formerly was CC/Core Assets Corp. until 2025-06-03),CC,CSE,Mining,,CSE Composite,CAD,2020-07-27 04:00:00,T2,,,,,,,,3,,,https://thecse.com/listings
Craftport Cannabis Corp,CFT,CSE,Life Sciences,Cannabis,N/A,CAD,2017-11-03 04:00:00,T2,,,,,,,,3,,,https://thecse.com/listings
Credissential Inc.,WHIP,CSE,Diversified Industries,,N/A,CAD,2020-08-13 04:00:00,T2,,,,,,,,3,,,https://thecse.com/listings
Cresco Labs Inc.,CL,CSE,Life Sciences,US Cannabis,CSE25,CAD,2018-12-03 05:00:00,T2,,,,,,,,3,,,https://thecse.com/listings
Critical Infrastructure Technologies Ltd.,CTTT,CSE,Technology,,CSE Composite,CAD,2023-02-28 05:00:00,T2,,,,,,,,3,,,https://thecse.com/listings
Critical One Energy Inc.,CRTL,CSE,Mining,,CSE Composite,CAD,2022-05-13 04:00:00,T2,,,,,,,,3,,,https://thecse.com/listings
Critical Reagent Processing Corp.,CRPC,CSE,Mining,,N/A,CAD,2017-10-13 04:00:00,T2,,,,,,,,3,,,https://thecse.com/listings
Cross River Ventures Corp. (formerly was CRVC/Cross River Ventures Corp. until 2025-05-12),CRVC.X,CSE,Mining,,N/A,CAD,2020-07-14 04:00:00,T2,,,,,,,,3,,,https://thecse.com/listings
Cruz Battery Metals Corp.,CRUZ,CSE,Mining,,CSE Composite,CAD,2019-08-06 04:00:00,T2,,,,,,,,3,,,https://thecse.com/listings
Cullinan Metals Corp,CMT,CSE,Mining,,N/A,CAD,2022-02-18 05:00:00,T2,,,,,,,,3,,,https://thecse.com/listings
Cult Food Science Corp,CULT,CSE,Diversified Industries,,N/A,CAD,2022-01-17 05:00:00,T2,,,,,,,,3,,,https://thecse.com/listings
Cupani Metals Corp.,CUPA,CSE,Mining,,CSE Composite,CAD,2019-10-03 04:00:00,T2,,,,,,,,3,,,https://thecse.com/listings
Cybeats Technologies Corp.,CYBT,CSE,Technology,,CSE Composite,CAD,2022-11-21 05:00:00,T2,,,,,,,,3,,,https://thecse.com/listings
Cypher Metaverse Inc.,CODE.X,CSE,Diversified Industries,Blockchain,N/A,CAD,2015-09-02 04:00:00,T2,,,,,,,,3,,,https://thecse.com/listings
Dark Star Minerals Inc.,BATT,CSE,Mining,,N/A,CAD,2023-03-07 05:00:00,T2,,,,,,,,3,,,https://thecse.com/listings
Data Watts Partners Inc.,DWTZ,CSE,Technology,,N/A,CAD,2018-01-24 05:00:00,T2,,,,,,,,3,,,https://thecse.com/listings
Deep Sea Minerals Corp. (formerly was CUH/Copperhead Resources Inc. until 2026-01-23),SEAS,CSE,Mining,,CSE Composite,CAD,2023-05-23 04:00:00,T2,,,,,,,,3,,,https://thecse.com/listings
DeepSpatial Inc.,DSAI,CSE,Technology,,N/A,CAD,2021-03-04 05:00:00,T2,,,,,,,,3,,,https://thecse.com/listings
Defence Therapeutics Inc,DTC,CSE,Life Sciences,,CSE Composite,CAD,2021-05-07 04:00:00,T2,,,,,,,,3,,,https://thecse.com/listings
Delota Corp.,NIC,CSE,Life Sciences,,N/A,CAD,2023-05-15 04:00:00,T2,,,,,,,,3,,,https://thecse.com/listings
Diagnamed Holdings Corp.,DMED,CSE,Technology,,CSE Composite,CAD,2022-11-08 05:00:00,T2,,,,,,,,3,,,https://thecse.com/listings
DiagnosTear Technologies Inc.,DTR,CSE,Technology,,CSE Composite,CAD,2024-12-09 05:00:00,T2,,,,,,,,3,,,https://thecse.com/listings
Digicann Ventures Inc. (formerly was DCNN/Digicann Ventures Inc. until 2025-11-10),DCNN.X,CSE,Life Sciences,Cannabis,N/A,CAD,2015-09-01 04:00:00,T2,,,,,,,,3,,,https://thecse.com/listings
Digital Asset Technologies Inc. (formerly was EATS/Eat & Beyond Global Holdings Inc until 2025-06-16),DATT,CSE,Diversified Industries,,N/A,CAD,2020-11-17 05:00:00,T2,,,,,,,,3,,,https://thecse.com/listings
Digital Commodities Inc. (formerly was DIGI/Digital Commodities Capital Corp. until 2025-09-30),DIGI,CSE,Diversified Industries,,CSE Composite,CAD,2021-09-30 04:00:00,T2,,,,,,,,3,,,https://thecse.com/listings
Direct Communication Solutions Inc.,DCSI,CSE,Technology,,N/A,CAD,2020-01-08 05:00:00,T2,,,,,,,,3,,,https://thecse.com/listings
Discovery Energy Metals Corp.,DEMC,CSE,Mining,,CSE Composite,CAD,2022-09-29 04:00:00,T2,,,,,,,,3,,,https://thecse.com/listings
Doseology Sciences Inc,MOOD,CSE,Diversified Industries,,CSE Composite,CAD,2021-11-15 05:00:00,T2,,,,,,,,3,,,https://thecse.com/listings
Draganfly Inc.,DPRO,CSE,Technology,,CSE25,CAD,2019-11-05 05:00:00,T2,,,,,,,,3,,,https://thecse.com/listings
DRC Gold Corp. (formerly was AJN/AJN Resources Inc. until 2026-01-23),DRC,CSE,Mining,,CSE Composite,CAD,2018-06-12 04:00:00,T2,,,,,,,,3,,,https://thecse.com/listings
Dundee Sustainable Technologies Inc.,DST,CSE,Technology,,CSE Composite,CAD,2015-09-01 04:00:00,T2,,,,,,,,3,,,https://thecse.com/listings
Dynamite Blockchain Corp.,KAS,CSE,Technology,,CSE Composite,CAD,2018-04-09 04:00:00,T2,,,,,,,,3,,,https://thecse.com/listings
E-Power Resources Inc.,EPR,CSE,Mining,,N/A,CAD,2023-01-13 05:00:00,T2,,,,,,,,3,,,https://thecse.com/listings
EagleOne Metals Corporation,EAGL,CSE,Mining,,CSE Composite,CAD,2024-08-27 04:00:00,T2,,,,,,,,3,,,https://thecse.com/listings
Earthwise Minerals Corp.,WISE,CSE,Mining,,N/A,CAD,2021-04-19 04:00:00,T2,,,,,,,,3,,,https://thecse.com/listings
Eat Well Investment Group Inc.,EWG,CSE,Diversified Industries,,N/A,CAD,2015-09-01 04:00:00,T2,,,,,,,,3,,,https://thecse.com/listings
ECO ORO MINERALS CORP. J,EOM,CSE,Mining,,N/A,CAD,2017-10-24 04:00:00,T2,,,,,,,,3,,,https://thecse.com/listings
Edgemont Gold Corp.,EDGM,CSE,Mining,,N/A,CAD,2020-06-01 04:00:00,T2,,,,,,,,3,,,https://thecse.com/listings
EGF Theramed Health Corp.,TMED,CSE,Technology,,N/A,CAD,2016-09-19 04:00:00,T2,,,,,,,,3,,,https://thecse.com/listings
Element One Hydrogen and Critical Minerals Corp. (formerly was BRCO/Buscando Resources Corp. until 2025-10-27),EONE,CSE,Mining,,CSE Composite,CAD,2022-03-15 04:00:00,T2,,,,,,,,3,,,https://thecse.com/listings
Element79 Gold Corp.,ELEM,CSE,Mining,,CSE Composite,CAD,2021-08-03 04:00:00,T2,,,,,,,,3,,,https://thecse.com/listings
Emergence Global Enterprises Inc.,EMRG,CSE,Diversified Industries,,N/A,CAD,2021-01-26 05:00:00,T2,,,,,,,,3,,,https://thecse.com/listings
Emergia Inc.,EMER,CSE,Diversified Industries,,N/A,CAD,2018-03-23 04:00:00,T2,,,,,,,,3,,,https://thecse.com/listings
EMP Metals Corp.,EMPS,CSE,Mining,,CSE Composite,CAD,2020-03-02 05:00:00,T2,,,,,,,,3,,,https://thecse.com/listings
Empatho Holdings Inc.,EMPH,CSE,Life Sciences,,N/A,CAD,2021-12-29 05:00:00,T2,,,,,,,,3,,,https://thecse.com/listings
Emperor Metals Inc.,AUOZ,CSE,Mining,,CSE Composite,CAD,2021-07-26 04:00:00,T2,,,,,,,,3,,,https://thecse.com/listings
Encore Technologies Corp.,ENCR,CSE,Technology,,CSE Composite,CAD,2025-11-26 05:00:00,T2,,,,,,,,3,,,https://thecse.com/listings
Enertopia Corp.,ENRT,CSE,Technology,,N/A,CAD,2023-01-09 05:00:00,T2,,,,,,,,3,,,https://thecse.com/listings
Entheon Biomedical Corp.,ENBI,CSE,Life Sciences,,N/A,CAD,2020-11-12 05:00:00,T2,,,,,,,,3,,,https://thecse.com/listings
EnviroMetal Technologies Inc.,ETI,CSE,Technology,,N/A,CAD,2017-03-30 04:00:00,T2,,,,,,,,3,,,https://thecse.com/listings
EonX Technologies Inc.,EONX,CSE,Technology,,N/A,CAD,2021-05-27 04:00:00,T2,,,,,,,,3,,,https://thecse.com/listings
Epic Gold Corp. (formerly was NFLD/Exploits Discovery Corp. until 2026-02-17),EPG,CSE,Mining,,CSE Composite,CAD,2019-06-03 04:00:00,T2,,,,,,,,3,,,https://thecse.com/listings
ePlay Digital Inc.,EPY,CSE,Technology,,N/A,CAD,2015-09-01 04:00:00,T2,,,,,,,,3,,,https://thecse.com/listings
ESGold Corp.,ESAU,CSE,Mining,,CSE Composite,CAD,2021-10-06 04:00:00,T2,,,,,,,,3,,,https://thecse.com/listings
Etruscus Resources Corp.,ETR,CSE,Mining,,CSE Composite,CAD,2019-01-15 05:00:00,T2,,,,,,,,3,,,https://thecse.com/listings
Eureka Lithium Corp.,ERKA,CSE,Mining,,CSE Composite,CAD,2022-07-04 04:00:00,T2,,,,,,,,3,,,https://thecse.com/listings
EV Minerals Corporation,EVM,CSE,Mining,,N/A,CAD,2023-06-19 04:00:00,T2,,,,,,,,3,,,https://thecse.com/listings
Evolution Global Frontier Ventures Corp.,EGFV,CSE,Mining,,N/A,CAD,2020-12-11 05:00:00,T2,,,,,,,,3,,,https://thecse.com/listings
Evolve Royalties Ltd.,EVR,CSE,Diversified Industries,,CSE25,CAD,2025-12-17 05:00:00,T2,,,,,,,,3,,,https://thecse.com/listings
eXeBlock Technology Corporation,XBLK.X,CSE,Technology,Blockchain,N/A,CAD,2017-11-16 05:00:00,T2,,,,,,,,3,,,https://thecse.com/listings
Fandifi Technology Corp.,FDM.X,CSE,Technology,,N/A,CAD,2016-08-03 04:00:00,T2,,,,,,,,3,,,https://thecse.com/listings
Fathom Nickel Inc.,FNI,CSE,Mining,,CSE Composite,CAD,2021-05-25 04:00:00,T2,,,,,,,,3,,,https://thecse.com/listings
FendX Technologies Inc.,FNDX,CSE,Technology,,CSE Composite,CAD,2023-03-20 04:00:00,T2,,,,,,,,3,,,https://thecse.com/listings
FenixOro Gold Corp.,FENX,CSE,Mining,,N/A,CAD,2020-05-21 04:00:00,T2,,,,,,,,3,,,https://thecse.com/listings
Fineqia International Inc.,FNQ,CSE,Diversified Industries,,CSE Composite,CAD,2016-11-01 04:00:00,T2,,,,,,,,3,,,https://thecse.com/listings
FintechWerx International Software Services Inc.,WERX,CSE,Technology,,CSE Composite,CAD,2023-12-08 05:00:00,T2,,,,,,,,3,,,https://thecse.com/listings
First Atlas Resources Corp. (formerly was QMET/Q Precious & Battery Metals Corp. until 2026-02-26),HHE,CSE,Mining,,CSE Composite,CAD,2017-11-10 05:00:00,T2,,,,,,,,3,,,https://thecse.com/listings
First Growth Funds Limited,FGFL,CSE,Diversified Industries,,N/A,CAD,2020-06-29 04:00:00,T2,,,,,,,,3,,,https://thecse.com/listings
First Lithium Minerals Corp.,FLM,CSE,Mining,,CSE Composite,CAD,2022-08-09 04:00:00,T2,,,,,,,,3,,,https://thecse.com/listings
First Phosphate Corp.,PHOS,CSE,Mining,,CSE25,CAD,2023-02-22 05:00:00,T2,,,,,,,,3,,,https://thecse.com/listings
First Tellurium Corp.,FTEL,CSE,Mining,,CSE Composite,CAD,2015-09-01 04:00:00,T2,,,,,,,,3,,,https://thecse.com/listings
Flow Metals Corp.,FWM,CSE,Mining,,N/A,CAD,2020-06-22 04:00:00,T2,,,,,,,,3,,,https://thecse.com/listings
Fluent Corp.,FNT.U,CSE,Life Sciences,US Cannabis,N/A,USD,2019-03-21 04:00:00,T2,,,,,,,,3,,,https://thecse.com/listings
FNX Inc. (formerly was STWO/S2 Minerals Inc. until 2025-12-04),FNX,CSE,Mining,,CSE Composite,CAD,2021-06-24 04:00:00,T2,,,,,,,,3,,,https://thecse.com/listings
Foremost Clean Energy Ltd.,FAT,CSE,Mining,,CSE Composite,CAD,2015-09-02 04:00:00,T2,,,,,,,,3,,,https://thecse.com/listings
Forge Resources Corp.,FRG,CSE,Mining,,CSE Composite,CAD,2018-07-20 04:00:00,T2,,,,,,,,3,,,https://thecse.com/listings
Formation Metals Inc.,FOMO,CSE,Mining,,CSE Composite,CAD,2024-10-18 04:00:00,T2,,,,,,,,3,,,https://thecse.com/listings
Forte Minerals Corp,CUAU,CSE,Mining,,CSE Composite,CAD,2022-01-25 05:00:00,T2,,,,,,,,3,,,https://thecse.com/listings
Forty Pillars Mining Corp.,PLLR,CSE,Mining,,N/A,CAD,2021-05-31 04:00:00,T2,,,,,,,,3,,,https://thecse.com/listings
Four Nines Gold Inc.,FNAU,CSE,Mining,,CSE Composite,CAD,2017-08-31 04:00:00,T2,,,,,,,,3,,,https://thecse.com/listings
Fox River Resources Corporation,FOX,CSE,Mining,,CSE Composite,CAD,2016-02-05 05:00:00,T2,,,,,,,,3,,,https://thecse.com/listings
G2 Energy Corp.,GTOO,CSE,Oil and Gas,,N/A,CAD,2022-06-14 04:00:00,T2,,,,,,,,3,,,https://thecse.com/listings
Galloper Gold Corp.,BOOM,CSE,Mining,,CSE Composite,CAD,2024-03-01 05:00:00,T2,,,,,,,,3,,,https://thecse.com/listings
Gander Gold Corporation,GAND,CSE,Mining,,N/A,CAD,2022-03-08 05:00:00,T2,,,,,,,,3,,,https://thecse.com/listings
Gelum Resources Ltd.,GMR,CSE,Mining,,CSE Composite,CAD,2021-10-18 04:00:00,T2,,,,,,,,3,,,https://thecse.com/listings
Gencan Capital Inc.,GCA.X,CSE,Diversified Industries,,N/A,CAD,2015-11-09 05:00:00,T2,,,,,,,,3,,,https://thecse.com/listings
General Copper Gold Corp.,GGLD,CSE,Mining,,N/A,CAD,2021-02-01 05:00:00,T2,,,,,,,,3,,,https://thecse.com/listings
Generative AI Solutions Corp.,AICO,CSE,Technology,,N/A,CAD,2023-04-19 04:00:00,T2,,,,,,,,3,,,https://thecse.com/listings
Generic Gold Corp.,GGC,CSE,Mining,,CSE Composite,CAD,2018-03-01 05:00:00,T2,,,,,,,,3,,,https://thecse.com/listings
Genesis AI Corp.,AIG,CSE,Technology,Blockchain,N/A,CAD,2018-02-26 05:00:00,T2,,,,,,,,3,,,https://thecse.com/listings
Geologica Resource Corp.,GRCM,CSE,Mining,,N/A,CAD,2022-10-26 04:00:00,T2,,,,,,,,3,,,https://thecse.com/listings
Germanium Mining Corp. (formerly was MUSK/Musk Metals Corp until 2025-06-09),GMC,CSE,Mining,,CSE Composite,CAD,2018-06-28 04:00:00,T2,,,,,,,,3,,,https://thecse.com/listings
Getchell Gold Corp.,GTCH,CSE,Mining,,CSE Composite,CAD,2018-12-03 05:00:00,T2,,,,,,,,3,,,https://thecse.com/listings
Giant Mining Corp.,BFG,CSE,Mining,,CSE Composite,CAD,2017-12-20 05:00:00,T2,,,,,,,,3,,,https://thecse.com/listings
Glenstar Minerals Inc. (formerly was GSTR/Glenstar Ventures Inc. until 2025-04-04),GSTR,CSE,Mining,,CSE Composite,CAD,2024-07-26 04:00:00,T2,,,,,,,,3,,,https://thecse.com/listings
Global Compliance Applications Corp.,APP,CSE,Technology,"Cannabis, Blockchain",N/A,CAD,2015-09-01 04:00:00,T2,,,,,,,,3,,,https://thecse.com/listings
Global Health Clinics Ltd.,MJRX,CSE,Life Sciences,Cannabis,N/A,CAD,2018-08-29 04:00:00,T2,,,,,,,,3,,,https://thecse.com/listings
Global Hemp Group Inc.,GHG,CSE,Diversified Industries,US Cannabis,N/A,CAD,2015-09-01 04:00:00,T2,,,,,,,,3,,,https://thecse.com/listings
Global Li-Ion Graphite Corp.,LION,CSE,Mining,,N/A,CAD,2017-07-14 04:00:00,T2,,,,,,,,3,,,https://thecse.com/listings
Global Tactical Metals Corp.,MONI,CSE,Mining,,N/A,CAD,2022-12-29 05:00:00,T2,,,,,,,,3,,,https://thecse.com/listings
Global UAV Technologies Ltd. (formerly was UAV/Global UAV Technologies Ltd. until 2026-02-24),UAV.X,CSE,Technology,,N/A,CAD,2015-09-09 04:00:00,T2,,,,,,,,3,,,https://thecse.com/listings
Global Uranium Corp.,GURN,CSE,Mining,,CSE Composite,CAD,2024-05-07 04:00:00,T2,,,,,,,,3,,,https://thecse.com/listings
Glow LifeTech Corp,GLOW,CSE,Technology,Cannabis,CSE Composite,CAD,2021-03-15 04:00:00,T2,,,,,,,,3,,,https://thecse.com/listings
Go Metals Corp,GOCO,CSE,Mining,,N/A,CAD,2017-12-08 05:00:00,T2,,,,,,,,3,,,https://thecse.com/listings
GOAT Industries Ltd,GOAT,CSE,Diversified Industries,,CSE Composite,CAD,2021-09-16 04:00:00,T2,,,,,,,,3,,,https://thecse.com/listings
GoGo AI Network Inc. (formerly was MBAI/MedBright AI Investments Inc. until 2026-01-02),GOGO,CSE,Diversified Industries,Blockchain,CSE Composite,CAD,2019-07-29 04:00:00,T2,,,,,,,,3,,,https://thecse.com/listings
Golcap Resources Corp.,GCP,CSE,Mining,,CSE Composite,CAD,2020-12-23 05:00:00,T2,,,,,,,,3,,,https://thecse.com/listings
Gold Hunter Resources Inc,HUNT,CSE,Mining,,CSE Composite,CAD,2021-02-12 05:00:00,T2,,,,,,,,3,,,https://thecse.com/listings
Gold Orogen Resources Corp.,OROG,CSE,Mining,,N/A,CAD,2026-03-02 05:00:00,T2,,,,,,,,3,,,https://thecse.com/listings
Gold Port Corporation,GPO,CSE,Mining,,CSE Composite,CAD,2019-09-24 04:00:00,T2,,,,,,,,3,,,https://thecse.com/listings
Gold Runner Exploration Inc. (formerly was CRS/Crestview Exploration Inc. until 2025-10-03),GRUN,CSE,Mining,,CSE Composite,CAD,2019-09-09 04:00:00,T2,,,,,,,,3,,,https://thecse.com/listings
Gold'Futures Mineral Corp.,FUTR,CSE,Mining,,N/A,CAD,2020-08-21 04:00:00,T2,,,,,,,,3,,,https://thecse.com/listings
Goldcana Resources Inc.,GC,CSE,Mining,,N/A,CAD,2025-08-13 04:00:00,T2,,,,,,,,3,,,https://thecse.com/listings
Golden Age Exploration Ltd.,GDN,CSE,Mining,,N/A,CAD,2023-01-16 05:00:00,T2,,,,,,,,3,,,https://thecse.com/listings
Golden Cariboo Resources Ltd.,GCC,CSE,Mining,,CSE Composite,CAD,2023-12-05 05:00:00,T2,,,,,,,,3,,,https://thecse.com/listings
Golden Goose Resources Corp. (formerly was SALI/SALi Lithium Corp. until 2025-09-30),GGR,CSE,Mining,,CSE Composite,CAD,2024-06-04 04:00:00,T2,,,,,,,,3,,,https://thecse.com/listings
Golden Lake Exploration Inc.,GLM,CSE,Mining,,N/A,CAD,2019-05-08 04:00:00,T2,,,,,,,,3,,,https://thecse.com/listings
Golden Rapture Mining Corporation,GLDR,CSE,Mining,,N/A,CAD,2024-03-12 04:00:00,T2,,,,,,,,3,,,https://thecse.com/listings
Golden Shield Resources Inc.,GSRI,CSE,Mining,,N/A,CAD,2022-02-22 05:00:00,T2,,,,,,,,3,,,https://thecse.com/listings
Golden Spike Resources Corp,GLDS,CSE,Mining,,N/A,CAD,2021-09-13 04:00:00,T2,,,,,,,,3,,,https://thecse.com/listings
GoldHaven Resources Corp.,GOH,CSE,Mining,,CSE Composite,CAD,2020-03-30 04:00:00,T2,,,,,,,,3,,,https://thecse.com/listings
Goldrea Resources Corp.,GOR,CSE,Mining,,CSE Composite,CAD,2015-09-02 04:00:00,T2,,,,,,,,3,,,https://thecse.com/listings
Grafton Resources Inc. (formerly was PMS/Prisma Exploration Inc until 2025-09-24),GFT,CSE,Mining,,CSE Composite,CAD,2022-01-17 05:00:00,T2,,,,,,,,3,,,https://thecse.com/listings
Grand Peak Capital Corp.,GPK,CSE,Diversified Industries,,N/A,CAD,2015-09-25 04:00:00,T2,,,,,,,,3,,,https://thecse.com/listings
Graycliff Exploration Limited,GRAY,CSE,Mining,,N/A,CAD,2020-08-04 04:00:00,T2,,,,,,,,3,,,https://thecse.com/listings
Green Bridge Metals Corporation,GRBM,CSE,Mining,,CSE Composite,CAD,2023-10-19 04:00:00,T2,,,,,,,,3,,,https://thecse.com/listings
Green River Gold Corp.,CCR,CSE,Mining,,N/A,CAD,2016-01-05 05:00:00,T2,,,,,,,,3,,,https://thecse.com/listings
Green Scientific Labs Holdings Inc.,GSL,CSE,Life Sciences,,N/A,CAD,2021-11-22 05:00:00,T2,,,,,,,,3,,,https://thecse.com/listings
Green Thumb Industries Inc.,GTII,CSE,Life Sciences,US Cannabis,CSE25,CAD,2018-06-13 04:00:00,T2,,,,,,,,3,,,https://thecse.com/listings
GreenBank Capital Inc.,GBC,CSE,Diversified Industries,,N/A,CAD,2015-09-02 04:00:00,T2,,,,,,,,3,,,https://thecse.com/listings
Greenhawk Resources Inc.,GRHK,CSE,Mining,,N/A,CAD,2021-06-03 04:00:00,T2,,,,,,,,3,,,https://thecse.com/listings
Greenridge Exploration Inc.,GXP,CSE,Mining,,CSE Composite,CAD,2023-12-13 05:00:00,T2,,,,,,,,3,,,https://thecse.com/listings
Greenrise Global Brands Inc.,XCX,CSE,Life Sciences,Cannabis,N/A,CAD,2019-09-04 04:00:00,T2,,,,,,,,3,,,https://thecse.com/listings
Greenway Greenhouse Cannabis Corporation,GWAY,CSE,Life Sciences,Cannabis,CSE Composite,CAD,2021-09-21 04:00:00,T2,,,,,,,,3,,,https://thecse.com/listings
Grounded People Apparel Inc. (formerly was SHOE/Grounded People Apparel Inc. until 2025-11-25),SHOE.X,CSE,Diversified Industries,,N/A,CAD,2022-10-05 04:00:00,T2,,,,,,,,3,,,https://thecse.com/listings
Grown Rogue International Inc.,GRIN,CSE,Life Sciences,US Cannabis,CSE Composite,CAD,2018-11-26 05:00:00,T2,,,,,,,,3,,,https://thecse.com/listings
Happy Belly Food Group Inc.,HBFG,CSE,Diversified Industries,,CSE25,CAD,2018-07-03 04:00:00,T2,,,,,,,,3,,,https://thecse.com/listings
Hardcore Discoveries Ltd.,HARD,CSE,Mining,,N/A,CAD,2020-05-04 04:00:00,T2,,,,,,,,3,,,https://thecse.com/listings
Harrys Manufacturing Inc.,HARY,CSE,Diversified Industries,,CSE Composite,CAD,2018-10-22 04:00:00,T2,,,,,,,,3,,,https://thecse.com/listings
HAVN Life Sciences Inc.,HAVN,CSE,Life Sciences,,N/A,CAD,2020-09-08 04:00:00,T2,,,,,,,,3,,,https://thecse.com/listings
Headwater Gold Inc.,HWG,CSE,Mining,,CSE Composite,CAD,2021-06-08 04:00:00,T2,,,,,,,,3,,,https://thecse.com/listings
Hello Pal International Inc.,HP,CSE,Technology,,N/A,CAD,2016-05-13 04:00:00,T2,,,,,,,,3,,,https://thecse.com/listings
Herbal Dispatch Inc.,HERB,CSE,Life Sciences,Cannabis,CSE Composite,CAD,2018-08-09 04:00:00,T2,,,,,,,,3,,,https://thecse.com/listings
Hercules Resources Corp.,HERC,CSE,Mining,,N/A,CAD,2023-01-30 05:00:00,T2,,,,,,,,3,,,https://thecse.com/listings
Heritage Mining Ltd.,HML,CSE,Mining,,CSE Composite,CAD,2022-08-26 04:00:00,T2,,,,,,,,3,,,https://thecse.com/listings
Hero Innovation Group Inc.,HRO,CSE,Technology,,N/A,CAD,2021-02-26 05:00:00,T2,,,,,,,,3,,,https://thecse.com/listings
Hertz Energy Inc.,HZ,CSE,Mining,,CSE Composite,CAD,2023-04-10 04:00:00,T2,,,,,,,,3,,,https://thecse.com/listings
Hi-View Resources Inc (formerly was HVW/Hi-View Resources Inc until 2026-01-09),GXLD,CSE,Mining,,CSE Composite,CAD,2022-01-28 05:00:00,T2,,,,,,,,3,,,https://thecse.com/listings
High Tide Resources Corp.,HTRC,CSE,Mining,,CSE Composite,CAD,2022-02-25 05:00:00,T2,,,,,,,,3,,,https://thecse.com/listings
Highland Critical Minerals Corp.,HLND,CSE,Mining,,CSE Composite,CAD,2025-05-27 04:00:00,T2,,,,,,,,3,,,https://thecse.com/listings
Highrock Resources Ltd.,HRK,CSE,Mining,,N/A,CAD,2023-03-01 05:00:00,T2,,,,,,,,3,,,https://thecse.com/listings
Hillcrest Energy Technologies Ltd.,HEAT,CSE,Technology,,CSE Composite,CAD,2021-03-31 04:00:00,T2,,,,,,,,3,,,https://thecse.com/listings
HM Exploration Corp.,HM,CSE,Mining,,CSE Composite,CAD,2024-12-06 05:00:00,T2,,,,,,,,3,,,https://thecse.com/listings
Humanoid Global Holdings Corp. (formerly was NWAI/New Wave Holdings Corp. until 2025-06-24),ROBO,CSE,Technology,,CSE Composite,CAD,2019-10-28 04:00:00,T2,,,,,,,,3,,,https://thecse.com/listings
Hybrid Power Solutions Inc.,HPSS,CSE,CleanTech,,CSE Composite,CAD,2023-12-04 05:00:00,T2,,,,,,,,3,,,https://thecse.com/listings
Hydrograph Clean Power Inc,HG,CSE,Technology,,CSE25,CAD,2021-12-02 05:00:00,T2,,,,,,,,3,,,https://thecse.com/listings
HYLQ Strategy Corp. (formerly was TONY/Tony G Co-Investment Holdings Ltd. until 2025-06-18),HYLQ,CSE,Diversified Industries,Blockchain,CSE Composite,CAD,2021-10-07 04:00:00,T2,,,,,,,,3,,,https://thecse.com/listings
Hyper Bit Technologies Ltd. (formerly was SPS/Sweet Poison Spirits Inc. until 2025-04-07),HYPE,CSE,Technology,,CSE Composite,CAD,2022-06-20 04:00:00,T2,,,,,,,,3,,,https://thecse.com/listings
HYTN Innovations Inc,HYTN,CSE,Life Sciences,,CSE Composite,CAD,2022-02-22 05:00:00,T2,,,,,,,,3,,,https://thecse.com/listings
iAnthus Capital Holdings Inc.,IAN,CSE,Life Sciences,US Cannabis,CSE Composite,CAD,2016-09-07 04:00:00,T2,,,,,,,,3,,,https://thecse.com/listings
ICEsoft Technologies Canada Corp.,ISFT,CSE,Technology,,N/A,CAD,2019-06-05 04:00:00,T2,,,,,,,,3,,,https://thecse.com/listings
ICG Silver Gold Ltd.,ICG,CSE,Mining,,CSE Composite,CAD,2026-03-31 04:00:00,T2,,,,,,,,3,,,https://thecse.com/listings
Imagin Medical Inc.,IME,CSE,Technology,,N/A,CAD,2016-02-24 05:00:00,T2,,,,,,,,3,,,https://thecse.com/listings
ImagineAR Inc.,IP,CSE,Diversified Industries,Blockchain,CSE Composite,CAD,2016-05-10 04:00:00,T2,,,,,,,,3,,,https://thecse.com/listings
infinitii ai inc.,IAI,CSE,Technology,,CSE Composite,CAD,2015-09-02 04:00:00,T2,,,,,,,,3,,,https://thecse.com/listings
Inflection Resources Ltd.,AUCU,CSE,Mining,,CSE Composite,CAD,2020-07-21 04:00:00,T2,,,,,,,,3,,,https://thecse.com/listings
InnoCan Pharma Corporation,INNO,CSE,Life Sciences,Cannabis,CSE Composite,CAD,2019-09-25 04:00:00,T2,,,,,,,,3,,,https://thecse.com/listings
Inspiration Mining Corp. (formerly was ISP/Inspiration Energy Corp. until 2026-02-25),ISP,CSE,Mining,,CSE Composite,CAD,2022-04-07 04:00:00,T2,,,,,,,,3,,,https://thecse.com/listings
Integral Metals Corp.,INTG,CSE,Mining,,CSE Composite,CAD,2024-10-31 04:00:00,T2,,,,,,,,3,,,https://thecse.com/listings
Integrated Cyber Solutions Inc.,ICS,CSE,Technology,,CSE Composite,CAD,2023-10-10 04:00:00,T2,,,,,,,,3,,,https://thecse.com/listings
Intellabridge Technology Corporation,KASH,CSE,Technology,Blockchain,N/A,CAD,2018-03-12 04:00:00,T2,,,,,,,,3,,,https://thecse.com/listings
Intellistake Technologies Corp. (formerly was GFCO/The Good Flour Corp. until 2025-07-08),ISTK,CSE,Technology,,CSE Composite,CAD,2021-11-08 05:00:00,T2,,,,,,,,3,,,https://thecse.com/listings
Inturai Ventures Corp. (formerly was PPB/P2P Group Ltd. until 2025-11-27),URAI,CSE,Diversified Industries,,CSE Composite,CAD,2022-09-01 04:00:00,T2,,,,,,,,3,,,https://thecse.com/listings
Inverite Insights Inc.,INVR,CSE,Diversified Industries,,CSE Composite,CAD,2019-03-21 04:00:00,T2,,,,,,,,3,,,https://thecse.com/listings
Irving Resources Inc.,IRV,CSE,Mining,,CSE Composite,CAD,2015-12-23 05:00:00,T2,,,,,,,,3,,,https://thecse.com/listings
Irwin Naturals Inc,IWIN,CSE,Life Sciences,,N/A,CAD,2021-08-17 04:00:00,T2,,,,,,,,3,,,https://thecse.com/listings
Izotropic Corporation,IZO,CSE,Life Sciences,,CSE Composite,CAD,2018-06-04 04:00:00,T2,,,,,,,,3,,,https://thecse.com/listings
James Bay Resources Limited,JBR,CSE,Oil and Gas,,N/A,CAD,2015-09-02 04:00:00,T2,,,,,,,,3,,,https://thecse.com/listings
JIVA Technologies Inc.,JIVA,CSE,Technology,,N/A,CAD,2020-08-10 04:00:00,T2,,,,,,,,3,,,https://thecse.com/listings
Jolt Health Inc.,JOLT,CSE,Life Sciences,,N/A,CAD,2021-09-30 04:00:00,T2,,,,,,,,3,,,https://thecse.com/listings
Jones Soda Co,JSDA,CSE,Diversified Industries,,CSE Composite,CAD,2022-02-18 05:00:00,T2,,,,,,,,3,,,https://thecse.com/listings
Jushi Holdings Inc. Class B Subordinate Voting Shares,JUSH,CSE,Life Sciences,US Cannabis,CSE25,CAD,2019-12-09 05:00:00,T2,,,,,,,,3,,,https://thecse.com/listings
Justera Health Ltd.,VTAL,CSE,Life Sciences,,N/A,CAD,2021-03-05 05:00:00,T2,,,,,,,,3,,,https://thecse.com/listings
King Global Ventures Inc.,KING,CSE,Mining,,CSE Composite,CAD,2024-07-16 04:00:00,T2,,,,,,,,3,,,https://thecse.com/listings
Kings Entertainment Group Inc.,JKPT,CSE,Diversified Industries,,N/A,CAD,2022-01-24 05:00:00,T2,,,,,,,,3,,,https://thecse.com/listings
Kingsview Minerals Ltd.,KVM,CSE,Mining,,N/A,CAD,2022-02-24 05:00:00,T2,,,,,,,,3,,,https://thecse.com/listings
Kleen HY-DRO-GEN Inc.,KLN,CSE,CleanTech,,CSE Composite,CAD,2025-09-09 04:00:00,T1,,,,,,,,3,,,https://thecse.com/listings
KO Gold Inc.,KOG,CSE,Mining,,CSE Composite,CAD,2023-10-11 04:00:00,T2,,,,,,,,3,,,https://thecse.com/listings
Kobrea Exploration Corp.,KBX,CSE,Mining,,CSE Composite,CAD,2023-12-28 05:00:00,T2,,,,,,,,3,,,https://thecse.com/listings
Kuya Silver Corporation,KUYA,CSE,Mining,,CSE25,CAD,2020-10-07 04:00:00,T2,,,,,,,,3,,,https://thecse.com/listings
La Imperial Resources Inc.,LAI.X,CSE,Mining,,N/A,CAD,2015-09-03 04:00:00,T2,,,,,,,,3,,,https://thecse.com/listings
LaFleur Minerals Inc.,LFLR,CSE,Mining,,CSE Composite,CAD,2024-04-09 04:00:00,T2,,,,,,,,3,,,https://thecse.com/listings
Lancaster Resources Inc.,LCR,CSE,Mining,,CSE Composite,CAD,2023-06-14 04:00:00,T2,,,,,,,,3,,,https://thecse.com/listings
Lanebury Growth Capital Ltd.,LLL,CSE,Diversified Industries,,N/A,CAD,2017-11-21 05:00:00,T2,,,,,,,,3,,,https://thecse.com/listings
Leef Brands Inc.,LEEF,CSE,Life Sciences,"Cannabis, US Cannabis",CSE Composite,CAD,2018-06-08 04:00:00,T2,,,,,,,,3,,,https://thecse.com/listings
Leocor Mining Inc.,LECR,CSE,Mining,,CSE Composite,CAD,2019-06-21 04:00:00,T2,,,,,,,,3,,,https://thecse.com/listings
Leopard Lake Gold Corp.,LP,CSE,Mining,,N/A,CAD,2021-10-06 04:00:00,T2,,,,,,,,3,,,https://thecse.com/listings
Lexston Mining Corporation,LEXT,CSE,Mining,,N/A,CAD,2021-06-25 04:00:00,T2,,,,,,,,3,,,https://thecse.com/listings
LFNT Resources Corp.,LFNT,CSE,Mining,,N/A,CAD,2023-04-26 04:00:00,T2,,,,,,,,3,,,https://thecse.com/listings
Libra Energy Materials Inc.,LIBR,CSE,Mining,,CSE Composite,CAD,2025-07-10 04:00:00,T2,,,,,,,,3,,,https://thecse.com/listings
Lighthouse Gold Inc. (formerly was ALE/Alerio Gold Corp. until 2025-12-16),LGHT,CSE,Mining,,CSE Composite,CAD,2021-11-03 04:00:00,T2,,,,,,,,3,,,https://thecse.com/listings
Linear Minerals Corp.,LINE,CSE,Mining,,N/A,CAD,2019-03-01 05:00:00,T2,,,,,,,,3,,,https://thecse.com/listings
Lion Copper and Gold Corp.,LEO,CSE,Mining,,CSE Composite,CAD,2024-09-20 04:00:00,T2,,,,,,,,3,,,https://thecse.com/listings
Liquid Avatar Technologies Inc.,LQID,CSE,Technology,,N/A,CAD,2020-06-10 04:00:00,T2,,,,,,,,3,,,https://thecse.com/listings
LIR Life Sciences Corp.,SKNY,CSE,Life Sciences,,CSE Composite,CAD,2025-11-07 05:00:00,T2,,,,,,,,3,,,https://thecse.com/listings
LITHOS GROUP LTD.,LITS,CSE,Technology,,N/A,CAD,2025-04-07 04:00:00,T2,,,,,,,,3,,,https://thecse.com/listings
Live Energy Minerals Corp.,LIVE,CSE,Mining,,CSE Composite,CAD,2022-03-29 04:00:00,T2,,,,,,,,3,,,https://thecse.com/listings
Lobe Sciences Ltd.,LOBE,CSE,Life Sciences,,CSE Composite,CAD,2019-06-07 04:00:00,T2,,,,,,,,3,,,https://thecse.com/listings
Lophos Holdings Inc.,MESC,CSE,Diversified Industries,,N/A,CAD,2023-09-06 04:00:00,T2,,,,,,,,3,,,https://thecse.com/listings
Lords & Company Worldwide Holdings Inc.,LRDS,CSE,Life Sciences,,N/A,CAD,2020-05-04 04:00:00,T2,,,,,,,,3,,,https://thecse.com/listings
Lowell Farms Inc.,LOWL,CSE,Life Sciences,US Cannabis,N/A,CAD,2019-04-30 04:00:00,T2,,,,,,,,3,,,https://thecse.com/listings
Loyalist Exploration Limited.,PNGC,CSE,Mining,,CSE Composite,CAD,2020-03-02 05:00:00,T2,,,,,,,,3,,,https://thecse.com/listings
Luxxfolio Holdings Inc.,LUXX,CSE,Technology,Blockchain,CSE Composite,CAD,2019-05-06 04:00:00,T2,,,,,,,,3,,,https://thecse.com/listings
Mabel Ventures Inc.,MBL,CSE,Mining,,CSE Composite,CAD,2023-11-30 05:00:00,T2,,,,,,,,3,,,https://thecse.com/listings
Makenita Resources Inc.,KENY,CSE,Mining,,N/A,CAD,2024-12-30 05:00:00,T2,,,,,,,,3,,,https://thecse.com/listings
Manning Ventures Inc.,MANN,CSE,Mining,,N/A,CAD,2019-10-25 04:00:00,T2,,,,,,,,3,,,https://thecse.com/listings
Maple Leaf Green World Inc.,MGW,CSE,Life Sciences,US Cannabis,N/A,CAD,2021-06-01 04:00:00,T2,,,,,,,,3,,,https://thecse.com/listings
MariMed Inc.,MRMD,CSE,Life Sciences,"Cannabis, US Cannabis",CSE Composite,CAD,2022-07-12 04:00:00,T2,,,,,,,,3,,,https://thecse.com/listings
Mary Agrotechnologies Inc,MARY,CSE,Life Sciences,,N/A,CAD,2021-05-20 04:00:00,T2,,,,,,,,3,,,https://thecse.com/listings
Maven Brands Inc,MJ,CSE,Life Sciences,Cannabis,N/A,CAD,2015-09-01 04:00:00,T2,,,,,,,,3,,,https://thecse.com/listings
Max Power Mining Corp,MAXX,CSE,Mining,,CSE25,CAD,2022-02-16 05:00:00,T2,,,,,,,,3,,,https://thecse.com/listings
Maximus Metals Inc.,MM,CSE,Mining,,N/A,CAD,2026-02-06 05:00:00,T2,,,,,,,,3,,,https://thecse.com/listings
Maxus Mining Inc.,MAXM,CSE,Mining,,CSE Composite,CAD,2025-05-08 04:00:00,T2,,,,,,,,3,,,https://thecse.com/listings
Mayo Lake Minerals Inc.,MLKM,CSE,Mining,,CSE Composite,CAD,2022-05-05 04:00:00,T2,,,,,,,,3,,,https://thecse.com/listings
MCFARLANE LAKE MINING LIMITED,MLM,CSE,Mining,,CSE Composite,CAD,2025-05-08 04:00:00,T2,,,,,,,,3,,,https://thecse.com/listings
McLaren Resources Inc.,MCL,CSE,Mining,,CSE Composite,CAD,2015-11-20 05:00:00,T2,,,,,,,,3,,,https://thecse.com/listings
ME Therapeutics Holdings Inc.,METX,CSE,Life Sciences,,CSE Composite,CAD,2023-10-12 04:00:00,T2,,,,,,,,3,,,https://thecse.com/listings
Medaro Mining Corp.,MEDA,CSE,Mining,,CSE Composite,CAD,2021-04-07 04:00:00,T2,,,,,,,,3,,,https://thecse.com/listings
MegaWatt Lithium and Battery Metals Corp.,MEGA,CSE,Mining,,N/A,CAD,2019-07-31 04:00:00,T2,,,,,,,,3,,,https://thecse.com/listings
Mercado Minerals Ltd.,MERC,CSE,Mining,,CSE Composite,CAD,2022-11-10 05:00:00,T2,,,,,,,,3,,,https://thecse.com/listings
Meryllion Resources Corporation,MYR,CSE,Mining,,CSE Composite,CAD,2015-09-01 04:00:00,T2,,,,,,,,3,,,https://thecse.com/listings
Meta Critical Minerals Inc. (formerly was TROY/Troy Minerals Inc. until 2026-01-29),MTTA,CSE,Mining,,CSE Composite,CAD,2022-09-08 04:00:00,T2,,,,,,,,3,,,https://thecse.com/listings
Metaguest.AI Incorporated,METG,CSE,Technology,,N/A,CAD,2021-09-29 04:00:00,T2,,,,,,,,3,,,https://thecse.com/listings
Metalite Resources Inc.,METL,CSE,Mining,,N/A,CAD,2020-04-14 04:00:00,T2,,,,,,,,3,,,https://thecse.com/listings
Metalo Manufacturing Inc.,MMI,CSE,Diversified Industries,,N/A,CAD,2015-12-17 05:00:00,T2,,,,,,,,3,,,https://thecse.com/listings
Metalsource Mining Inc.,MSM,CSE,Mining,,CSE Composite,CAD,2022-09-14 04:00:00,T2,,,,,,,,3,,,https://thecse.com/listings
Metasphere Labs Inc.,LABZ,CSE,Technology,,N/A,CAD,2024-09-04 04:00:00,T2,,,,,,,,3,,,https://thecse.com/listings
Miata Metals Corp.,MMET,CSE,Mining,,CSE Composite,CAD,2023-07-20 04:00:00,T2,,,,,,,,3,,,https://thecse.com/listings
Micromem Technologies Inc.,MRM,CSE,Technology,,CSE Composite,CAD,2015-09-02 04:00:00,T2,,,,,,,,3,,,https://thecse.com/listings
Mijem Newcomm Tech Inc. (formerly was MJEM/Mijem Newcomm Tech Inc. until 2026-01-13),MJEM.X,CSE,Technology,,N/A,CAD,2022-01-10 05:00:00,T2,,,,,,,,3,,,https://thecse.com/listings
Military Metals Corp.,MILI,CSE,Mining,,CSE Composite,CAD,2022-06-30 04:00:00,T2,,,,,,,,3,,,https://thecse.com/listings
MindBio Therapeutics Corp.,MBIO,CSE,Life Sciences,,CSE Composite,CAD,2023-05-05 04:00:00,T2,,,,,,,,3,,,https://thecse.com/listings
Minera IRL Limited,MIRL,CSE,Mining,,N/A,CAD,2017-02-03 05:00:00,T2,,,,,,,,3,,,https://thecse.com/listings
Mineral Road Discovery Inc.,ROAD,CSE,Mining,,N/A,CAD,2018-10-23 04:00:00,T2,,,,,,,,3,,,https://thecse.com/listings
Mobilum Technologies Inc.,MBLM,CSE,Technology,Blockchain,N/A,CAD,2018-06-11 04:00:00,T2,,,,,,,,3,,,https://thecse.com/listings
Modern Plant Based Foods Inc.,MEAT,CSE,Diversified Industries,,N/A,CAD,2020-06-30 04:00:00,T2,,,,,,,,3,,,https://thecse.com/listings
Molecule Holdings Inc.,MLCL,CSE,Life Sciences,Cannabis,N/A,CAD,2020-09-17 04:00:00,T2,,,,,,,,3,,,https://thecse.com/listings
Molten Metals Corp.,MOLT,CSE,Mining,,CSE Composite,CAD,2022-08-08 04:00:00,T2,,,,,,,,3,,,https://thecse.com/listings
Mongoose Mining Ltd.,MNG,CSE,Mining,,N/A,CAD,2021-11-22 05:00:00,T2,,,,,,,,3,,,https://thecse.com/listings
Montego Resources Inc.,MY,CSE,Mining,,N/A,CAD,2015-11-27 05:00:00,T2,,,,,,,,3,,,https://thecse.com/listings
Mosaic Minerals Corp.,MOC,CSE,Mining,,CSE Composite,CAD,2020-11-16 05:00:00,T2,,,,,,,,3,,,https://thecse.com/listings
Moss Genomics Inc.,MOSS,CSE,Diversified Industries,Blockchain,N/A,CAD,2023-01-19 05:00:00,T2,,,,,,,,3,,,https://thecse.com/listings
Mountain Valley MD Holdings Inc.,MVMD,CSE,Life Sciences,,CSE Composite,CAD,2020-03-02 05:00:00,T2,,,,,,,,3,,,https://thecse.com/listings
Mustang Energy Corp.,MEC,CSE,Mining,,CSE Composite,CAD,2024-06-10 04:00:00,T2,,,,,,,,3,,,https://thecse.com/listings
MYND Life Sciences Inc.,MYND,CSE,Life Sciences,,N/A,CAD,2021-05-26 04:00:00,T2,,,,,,,,3,,,https://thecse.com/listings
MyndTec Inc.,MYTC,CSE,Life Sciences,,N/A,CAD,2022-02-24 05:00:00,T2,,,,,,,,3,,,https://thecse.com/listings
Myriad Uranium Corp.,M,CSE,Mining,,CSE Composite,CAD,2019-11-05 05:00:00,T2,,,,,,,,3,,,https://thecse.com/listings
NameSilo Technologies Corp.,URL,CSE,Technology,,CSE25,CAD,2015-09-01 04:00:00,T2,,,,,,,,3,,,https://thecse.com/listings
NanoSphere Health Sciences Inc.,NSHS,CSE,Life Sciences,US Cannabis,N/A,CAD,2017-12-05 05:00:00,T2,,,,,,,,3,,,https://thecse.com/listings
Nass Valley Gateway Ltd.,NVG,CSE,Life Sciences,US Cannabis,N/A,CAD,2019-03-29 04:00:00,T2,,,,,,,,3,,,https://thecse.com/listings
NatBridge Resources Ltd. (formerly was GEGC/Great Eagle Gold Corp. until 2025-06-20),NATB,CSE,Mining,,N/A,CAD,2022-06-13 04:00:00,T2,,,,,,,,3,,,https://thecse.com/listings
Nation Gold Corp,NATN,CSE,Mining,,CSE Composite,CAD,2022-01-04 05:00:00,T2,,,,,,,,3,,,https://thecse.com/listings
Naughty Ventures Corp. (formerly was YORK/York Harbour Metals Inc. until 2025-10-10),BAD,CSE,Mining,,CSE Composite,CAD,2024-12-09 05:00:00,T2,,,,,,,,3,,,https://thecse.com/listings
nDatalyze Corp.,NDAT,CSE,Life Sciences,,N/A,CAD,2019-10-24 04:00:00,T2,,,,,,,,3,,,https://thecse.com/listings
Neotech Metals Corp.,NTMC,CSE,Mining,,CSE Composite,CAD,2023-03-17 04:00:00,T2,,,,,,,,3,,,https://thecse.com/listings
Nepra Foods Inc.,NPRA,CSE,Diversified Industries,,CSE Composite,CAD,2021-09-20 04:00:00,T2,,,,,,,,3,,,https://thecse.com/listings
Nerds On Site Inc.,NERD,CSE,Technology,,N/A,CAD,2018-11-28 05:00:00,T2,,,,,,,,3,,,https://thecse.com/listings
Neural Therapeutics Inc.,NURL,CSE,Diversified Industries,Cannabis,N/A,CAD,2025-03-17 04:00:00,T2,,,,,,,,3,,,https://thecse.com/listings
Nevada Organic Phosphate Inc.,NOP,CSE,Mining,,CSE Composite,CAD,2023-02-15 05:00:00,T2,,,,,,,,3,,,https://thecse.com/listings
Nevis Brands Inc.,NEVI,CSE,Life Sciences,,N/A,CAD,2023-07-06 04:00:00,T2,,,,,,,,3,,,https://thecse.com/listings
New Break Resources Ltd.,NBRK,CSE,Mining,,CSE Composite,CAD,2022-09-07 04:00:00,T2,,,,,,,,3,,,https://thecse.com/listings
New Earth Resources Corp. (formerly was OBRN/Oberon Uranium Corp. until 2025-09-19),EATH,CSE,Mining,,CSE Composite,CAD,2022-11-23 05:00:00,T2,,,,,,,,3,,,https://thecse.com/listings
New Frontier Ventures Inc.,VFI.X,CSE,Diversified Industries,,N/A,CAD,2015-09-02 04:00:00,T2,,,,,,,,3,,,https://thecse.com/listings
New World Solutions Inc.,NEWS,CSE,Technology,Blockchain,N/A,CAD,2018-11-09 05:00:00,T2,,,,,,,,3,,,https://thecse.com/listings
Newfoundland Discovery Corp.,NEWD,CSE,Mining,,N/A,CAD,2020-06-03 04:00:00,T2,,,,,,,,3,,,https://thecse.com/listings
Newlox Gold Ventures Corp.,LUX,CSE,CleanTech,,CSE Composite,CAD,2015-09-02 04:00:00,T2,,,,,,,,3,,,https://thecse.com/listings
Newpath Resources Inc.,PATH,CSE,Mining,,N/A,CAD,2021-01-12 05:00:00,T2,,,,,,,,3,,,https://thecse.com/listings
Newterra Resources Inc.,NT,CSE,Mining,,CSE Composite,CAD,2023-12-18 05:00:00,T2,,,,,,,,3,,,https://thecse.com/listings
Nexcel Metals Corp.,NEXX,CSE,Mining,,CSE Composite,CAD,2025-06-02 04:00:00,T2,,,,,,,,3,,,https://thecse.com/listings
Nexco Resources Inc.,NXU.X,CSE,Mining,,N/A,CAD,2017-05-09 04:00:00,T2,,,,,,,,3,,,https://thecse.com/listings
Nextech3D.AI Corporation.,NTAR,CSE,Technology,,CSE Composite,CAD,2018-10-31 04:00:00,T2,,,,,,,,3,,,https://thecse.com/listings
NextGen Digital Platforms Inc.,NXT,CSE,Technology,,CSE Composite,CAD,2024-08-07 04:00:00,T2,,,,,,,,3,,,https://thecse.com/listings
Nextleaf Solutions Ltd.,OILS,CSE,Life Sciences,"Cannabis, US Cannabis",CSE Composite,CAD,2019-03-21 04:00:00,T2,,,,,,,,3,,,https://thecse.com/listings
Nexus Uranium Corp.,NEXU,CSE,Mining,,CSE Composite,CAD,2018-06-28 04:00:00,T2,,,,,,,,3,,,https://thecse.com/listings
Nine Mile Metals Ltd.,NINE,CSE,Mining,,CSE Composite,CAD,2020-02-21 05:00:00,T2,,,,,,,,3,,,https://thecse.com/listings
Nirvana Life Sciences Inc. (formerly was NIRV/Nirvana Life Sciences Inc. until 2026-02-26),NIRV.X,CSE,Life Sciences,,N/A,CAD,2022-03-17 04:00:00,T2,,,,,,,,3,,,https://thecse.com/listings
Nordique Resources Inc.,NORD,CSE,Mining,,N/A,CAD,2021-10-13 04:00:00,T2,,,,,,,,3,,,https://thecse.com/listings
Norsemont Mining Inc.,NOM,CSE,Mining,,CSE Composite,CAD,2016-02-29 05:00:00,T2,,,,,,,,3,,,https://thecse.com/listings
North America Home Finance Inc.,NAHF,CSE,Diversified Industries,,CSE Composite,CAD,2026-02-26 05:00:00,T2,,,,,,,,3,,,https://thecse.com/listings
North America Home Finance Inc. Warrants,NAHF.WT,CSE,Diversified Industries,,N/A,CAD,2026-02-26 05:00:00,T2,,,,,,,,3,,,https://thecse.com/listings
North American Niobium and Critical Minerals Corp. (formerly was NIOB/First American Uranium Inc. until 2025-11-19),NIOB,CSE,Mining,,CSE Composite,CAD,2022-01-31 05:00:00,T2,,,,,,,,3,,,https://thecse.com/listings
North Atlantic Titanium Corp. (formerly was MUZU/Muzhu Mining Ltd. until 2026-01-02),NATO,CSE,Mining,,CSE Composite,CAD,2021-11-11 05:00:00,T2,,,,,,,,3,,,https://thecse.com/listings
North Valley Resources Ltd.,NVR,CSE,Mining,,N/A,CAD,2021-08-09 04:00:00,T2,,,,,,,,3,,,https://thecse.com/listings
Northern Lights Resources Corp.,NLR,CSE,Mining,,CSE Composite,CAD,2018-10-31 04:00:00,T2,,,,,,,,3,,,https://thecse.com/listings
Northstar Gold Corp.,NSG,CSE,Mining,,CSE Composite,CAD,2020-01-02 05:00:00,T2,,,,,,,,3,,,https://thecse.com/listings
NorthX Nickel Corp.,NIX,CSE,Mining,,CSE Composite,CAD,2022-11-29 05:00:00,T2,,,,,,,,3,,,https://thecse.com/listings
Nova Pacific Metals Corp.,NVPC,CSE,Mining,,N/A,CAD,2022-07-19 04:00:00,T2,,,,,,,,3,,,https://thecse.com/listings
NovaRed Mining Inc. (formerly was RB/Rumble Resources Inc. until 2026-02-10),NRED,CSE,Mining,,CSE Composite,CAD,2023-09-05 04:00:00,T2,,,,,,,,3,,,https://thecse.com/listings
Noveris Health Sciences Inc. (formerly was MYCO/Mydecine Innovations Group Inc. until 2026-02-02),NVRS,CSE,Diversified Industries,US Cannabis,N/A,CAD,2023-10-06 04:00:00,T2,,,,,,,,3,,,https://thecse.com/listings
NSJ Gold Corp.,NSJ,CSE,Mining,,N/A,CAD,2021-03-08 05:00:00,T2,,,,,,,,3,,,https://thecse.com/listings
NU E Power Corp.,NUE,CSE,CleanTech,,CSE Composite,CAD,2024-08-20 04:00:00,T2,,,,,,,,3,,,https://thecse.com/listings
Nuclear Vision Limited (formerly was GDIG/Gold Digger Resources Inc. until 2025-05-15),NUKV,CSE,Mining,,CSE Composite,CAD,2022-11-03 04:00:00,T2,,,,,,,,3,,,https://thecse.com/listings
Nuinsco Resources Limited,NWI,CSE,Mining,,CSE Composite,CAD,2019-02-20 05:00:00,T2,,,,,,,,3,,,https://thecse.com/listings
Nuran Wireless Inc.,NUR,CSE,Technology,Blockchain,CSE Composite,CAD,2015-09-22 04:00:00,T2,,,,,,,,3,,,https://thecse.com/listings
Omega Pacific Resources Inc.,OMGA,CSE,Mining,,CSE Composite,CAD,2023-04-21 04:00:00,T2,,,,,,,,3,,,https://thecse.com/listings
One World Lithium Inc.,OWLI,CSE,Mining,,N/A,CAD,2017-02-28 05:00:00,T2,,,,,,,,3,,,https://thecse.com/listings
Optimi Health Corp,OPTI,CSE,Life Sciences,,CSE Composite,CAD,2021-02-25 05:00:00,T2,,,,,,,,3,,,https://thecse.com/listings
Optimind Pharma Corp.,OMND,CSE,Life Sciences,,N/A,CAD,2022-08-04 04:00:00,T2,,,,,,,,3,,,https://thecse.com/listings
Oregen Energy Corp.,ORNG,CSE,Diversified Industries,,CSE Composite,CAD,2025-08-27 04:00:00,T2,,,,,,,,3,,,https://thecse.com/listings
Origen Resources Inc.,ORGN,CSE,Mining,,N/A,CAD,2020-05-05 04:00:00,T2,,,,,,,,3,,,https://thecse.com/listings
Ovation Science Inc,OVAT,CSE,Life Sciences,,N/A,CAD,2018-11-15 05:00:00,T2,,,,,,,,3,,,https://thecse.com/listings
P2Earn Inc.,PXE,CSE,Technology,,N/A,CAD,2021-07-15 04:00:00,T2,,,,,,,,3,,,https://thecse.com/listings
Pacifica Silver Corp. (formerly was RBTO/Roberto Resources Inc. until 2025-07-18),PSIL,CSE,Mining,,CSE Composite,CAD,2024-09-05 04:00:00,T2,,,,,,,,3,,,https://thecse.com/listings
Pan American Energy Corp.,PNRG,CSE,Mining,,CSE Composite,CAD,2022-05-24 04:00:00,T2,,,,,,,,3,,,https://thecse.com/listings
PanGenomic Health Inc.,NARA,CSE,Life Sciences,,CSE Composite,CAD,2022-07-18 04:00:00,T2,,,,,,,,3,,,https://thecse.com/listings
Panther Minerals Inc.,PURR,CSE,Mining,,CSE Composite,CAD,2019-11-13 05:00:00,T2,,,,,,,,3,,,https://thecse.com/listings
Pasinex Resources Limited,PSE,CSE,Mining,,CSE Composite,CAD,2015-09-11 04:00:00,T2,,,,,,,,3,,,https://thecse.com/listings
Patriot Gold Corp.,PGOL,CSE,Mining,,CSE Composite,CAD,2017-05-10 04:00:00,T2,,,,,,,,3,,,https://thecse.com/listings
Pedro Resources Ltd.,VBN,CSE,Mining,,N/A,CAD,2021-11-02 04:00:00,T2,,,,,,,,3,,,https://thecse.com/listings
Pegasus Mercantile Inc.,LOAN,CSE,Diversified Industries,Cannabis,N/A,CAD,2018-08-14 04:00:00,T2,,,,,,,,3,,,https://thecse.com/listings
Pegmatite One Lithium and Gold Corp.,PGA,CSE,Mining,,N/A,CAD,2022-04-12 04:00:00,T2,,,,,,,,3,,,https://thecse.com/listings
Peloton Minerals Corporation,PMC,CSE,Mining,,CSE Composite,CAD,2016-07-18 04:00:00,T2,,,,,,,,3,,,https://thecse.com/listings
Permex Petroleum Corporation,OIL,CSE,Oil and Gas,,N/A,CAD,2018-05-17 04:00:00,T2,,,,,,,,3,,,https://thecse.com/listings
Pharmadrug Inc.,PHRX,CSE,Life Sciences,,N/A,CAD,2018-08-16 04:00:00,T2,,,,,,,,3,,,https://thecse.com/listings
Pharmala Biotech Holdings Inc.,MDMA,CSE,Life Sciences,,CSE Composite,CAD,2022-01-11 05:00:00,T2,,,,,,,,3,,,https://thecse.com/listings
PharmaTher Holdings Ltd.,PHRM,CSE,Life Sciences,,CSE Composite,CAD,2020-10-09 04:00:00,T2,,,,,,,,3,,,https://thecse.com/listings
Plaid Technologies Inc.,STIF,CSE,Technology,,CSE Composite,CAD,2025-08-18 04:00:00,T2,,,,,,,,3,,,https://thecse.com/listings
Plaintree Systems Inc.,NPT,CSE,Technology,,N/A,CAD,2015-09-01 04:00:00,T2,,,,,,,,3,,,https://thecse.com/listings
Planet 13 Holdings Inc.,PLTH,CSE,Life Sciences,US Cannabis,CSE Composite,CAD,2018-06-21 04:00:00,T2,,,,,,,,3,,,https://thecse.com/listings
Planet 13 Holdings Inc. 7MAR2029 Warrants,PLTH.WT,CSE,Diversified Industries,,N/A,CAD,2024-03-08 05:00:00,T2,,,,,,,,3,,,https://thecse.com/listings
Planet Based Foods Global Inc.,PBF,CSE,Diversified Industries,,N/A,CAD,2022-01-11 05:00:00,T2,,,,,,,,3,,,https://thecse.com/listings
Planet Green Metals Inc.,PGR,CSE,Mining,,N/A,CAD,2023-06-28 04:00:00,T2,,,,,,,,3,,,https://thecse.com/listings
Planet Ventures Inc.,PXI,CSE,Diversified Industries,,CSE Composite,CAD,2024-02-01 05:00:00,T2,,,,,,,,3,,,https://thecse.com/listings
Plank Ventures Ltd.,PLNK,CSE,Diversified Industries,,N/A,CAD,2021-07-02 04:00:00,T2,,,,,,,,3,,,https://thecse.com/listings
PlasCred Circular Innovations Inc.,PLAS,CSE,Technology,,CSE Composite,CAD,2023-08-08 04:00:00,T2,,,,,,,,3,,,https://thecse.com/listings
Playground Ventures Inc.,PLAY,CSE,Technology,,N/A,CAD,2015-09-24 04:00:00,T2,,,,,,,,3,,,https://thecse.com/listings
Pluto Ventures Inc.,PLTO,CSE,Mining,,CSE Composite,CAD,2024-10-30 04:00:00,T2,,,,,,,,3,,,https://thecse.com/listings
POSaBIT Systems Corporation,PBIT,CSE,Technology,"US Cannabis, Blockchain",CSE Composite,CAD,2019-04-08 04:00:00,T2,,,,,,,,3,,,https://thecse.com/listings
Powermax Minerals Inc.,PMAX,CSE,Mining,,CSE Composite,CAD,2024-12-13 05:00:00,T2,,,,,,,,3,,,https://thecse.com/listings
POWR Lithium Corp.,POWR,CSE,Mining,,N/A,CAD,2022-06-13 04:00:00,T2,,,,,,,,3,,,https://thecse.com/listings
PR Technology Inc.,PRTI,CSE,Technology,,N/A,CAD,2021-11-26 05:00:00,T2,,,,,,,,3,,,https://thecse.com/listings
Precore Gold Corp.,PRCG,CSE,Mining,,CSE Composite,CAD,2024-08-02 04:00:00,T2,,,,,,,,3,,,https://thecse.com/listings
Predictiv AI Inc.,PAI,CSE,Technology,,CSE Composite,CAD,2025-12-22 05:00:00,T2,,,,,,,,3,,,https://thecse.com/listings
PreveCeutical Medical Inc.,PREV,CSE,Life Sciences,,CSE Composite,CAD,2016-12-30 05:00:00,T2,,,,,,,,3,,,https://thecse.com/listings
Prime Drink Group Corp.,PRME,CSE,Diversified Industries,,CSE Composite,CAD,2020-08-10 04:00:00,T2,,,,,,,,3,,,https://thecse.com/listings
Prince Silver Corp. (formerly was HWTN/Hawthorn Resources Corp. until 2025-07-10),PRNC,CSE,Mining,,CSE Composite,CAD,2023-02-24 05:00:00,T2,,,,,,,,3,,,https://thecse.com/listings
Prismo Metals Inc,PRIZ,CSE,Mining,,CSE Composite,CAD,2020-10-01 04:00:00,T2,,,,,,,,3,,,https://thecse.com/listings
Promino Nutritional Sciences Inc.,MUSL,CSE,Life Sciences,,CSE Composite,CAD,2021-05-26 04:00:00,T2,,,,,,,,3,,,https://thecse.com/listings
Prophecy DeFi Inc.,PDFI,CSE,Diversified Industries,,CSE Composite,CAD,2016-03-16 04:00:00,T2,,,,,,,,3,,,https://thecse.com/listings
Prospect Ridge Resources Corp.,PRR,CSE,Mining,,CSE Composite,CAD,2021-05-31 04:00:00,T2,,,,,,,,3,,,https://thecse.com/listings
Protium Clean Energy Corp.,GRUV,CSE,Mining,,N/A,CAD,2023-02-15 05:00:00,T2,,,,,,,,3,,,https://thecse.com/listings
Provenance Gold Corp.,PAU,CSE,Mining,,CSE Composite,CAD,2017-10-12 04:00:00,T2,,,,,,,,3,,,https://thecse.com/listings
Psyched Wellness Ltd,PSYC,CSE,Life Sciences,,N/A,CAD,2020-10-22 04:00:00,T2,,,,,,,,3,,,https://thecse.com/listings
Psyence Group Inc,PSYG,CSE,Life Sciences,,N/A,CAD,2021-01-27 05:00:00,T2,,,,,,,,3,,,https://thecse.com/listings
PUDO Inc.,PDO,CSE,Diversified Industries,,CSE Composite,CAD,2015-09-01 04:00:00,T2,,,,,,,,3,,,https://thecse.com/listings
Puranium Energy Ltd.,UX,CSE,Mining,,N/A,CAD,2019-02-05 05:00:00,T2,,,,,,,,3,,,https://thecse.com/listings
QScreen AI Inc. (formerly was PMED/Predictmedix AI Inc. until 2026-01-26),QAI,CSE,Life Sciences,Cannabis,CSE Composite,CAD,2019-12-20 05:00:00,T2,,,,,,,,3,,,https://thecse.com/listings
Quantum Battery Metals Corp,QBAT,CSE,Mining,,N/A,CAD,2015-12-22 05:00:00,T2,,,,,,,,3,,,https://thecse.com/listings
Quantum BioPharma Ltd. Class B Subordinate Voting Shares,QNTM,CSE,Life Sciences,,CSE Composite,CAD,2018-05-29 04:00:00,T2,,,,,,,,3,,,https://thecse.com/listings
Quantum Secure Encryption Corp. (formerly was SCPE/Scope Technologies Corp. until 2025-12-05),QSE,CSE,Technology,,CSE Composite,CAD,2022-09-06 04:00:00,T2,,,,,,,,3,,,https://thecse.com/listings
Quarterback Resources Inc.,QB,CSE,Mining,,CSE Composite,CAD,2025-06-17 04:00:00,T2,,,,,,,,3,,,https://thecse.com/listings
Quebec Innovative Materials Corp.,QIMC,CSE,Mining,,CSE Composite,CAD,2021-04-22 04:00:00,T2,,,,,,,,3,,,https://thecse.com/listings
Quebec Nickel Corp,QNI,CSE,Mining,,N/A,CAD,2021-07-02 04:00:00,T2,,,,,,,,3,,,https://thecse.com/listings
Quebec Rare Earth Elements Corp.,QREE,CSE,Mining,,CSE Composite,CAD,2020-06-16 04:00:00,T2,,,,,,,,3,,,https://thecse.com/listings
Quest Critical Metals Inc.,BULL,CSE,Mining,,N/A,CAD,2016-02-23 05:00:00,T2,,,,,,,,3,,,https://thecse.com/listings
Questcorp Mining Inc.,QQQ,CSE,Mining,,CSE Composite,CAD,2023-12-13 05:00:00,T2,,,,,,,,3,,,https://thecse.com/listings
Quimbaya Gold Inc.,QIM,CSE,Mining,,CSE Composite,CAD,2022-02-28 05:00:00,T2,,,,,,,,3,,,https://thecse.com/listings
Quinsam Capital Corporation,QCA,CSE,Diversified Industries,,N/A,CAD,2015-09-10 04:00:00,T2,,,,,,,,3,,,https://thecse.com/listings
Quizam Media Corporation,QQ,CSE,Technology,,N/A,CAD,2018-07-12 04:00:00,T2,,,,,,,,3,,,https://thecse.com/listings
Radial Research Corp,RAD,CSE,Technology,,N/A,CAD,2018-10-31 04:00:00,T2,,,,,,,,3,,,https://thecse.com/listings
Raffles Financial Group Limited,RICH,CSE,Diversified Industries,,N/A,CAD,2020-05-11 04:00:00,T2,,,,,,,,3,,,https://thecse.com/listings
Railtown AI Technologies Inc,RAIL,CSE,Technology,,CSE Composite,CAD,2021-11-30 05:00:00,T2,,,,,,,,3,,,https://thecse.com/listings
Rain City Resources Inc.,RAIN,CSE,Mining,,N/A,CAD,2019-04-26 04:00:00,T2,,,,,,,,3,,,https://thecse.com/listings
Ramm Pharma Corp.,RAMM,CSE,Life Sciences,,N/A,CAD,2019-11-08 05:00:00,T2,,,,,,,,3,,,https://thecse.com/listings
Rapid Dose Therapeutics Corp.,DOSE,CSE,Life Sciences,Cannabis,CSE Composite,CAD,2018-12-17 05:00:00,T2,,,,,,,,3,,,https://thecse.com/listings
Red Canyon Resources Ltd.,REDC,CSE,Mining,,CSE Composite,CAD,2023-10-25 04:00:00,T2,,,,,,,,3,,,https://thecse.com/listings
Red Lake Gold Inc.,RGLD,CSE,Mining,,N/A,CAD,2018-05-09 04:00:00,T2,,,,,,,,3,,,https://thecse.com/listings
Red Light Holland Corp.,TRIP,CSE,Life Sciences,,CSE Composite,CAD,2020-05-28 04:00:00,T2,,,,,,,,3,,,https://thecse.com/listings
Red Metal Resources Ltd.,RMES,CSE,Mining,,CSE Composite,CAD,2021-11-25 05:00:00,T2,,,,,,,,3,,,https://thecse.com/listings
Red White & Bloom Brands Inc.,RWB,CSE,Life Sciences,"Cannabis, US Cannabis",CSE Composite,CAD,2020-06-05 04:00:00,T2,,,,,,,,3,,,https://thecse.com/listings
Redwood AI Corp.,AIRX,CSE,Technology,,CSE Composite,CAD,2026-02-06 05:00:00,T2,,,,,,,,3,,,https://thecse.com/listings
Refined Energy Corp.,RUU,CSE,Mining,,CSE Composite,CAD,2018-07-18 04:00:00,T2,,,,,,,,3,,,https://thecse.com/listings
Reflex Advanced Materials Corp.,RFLX,CSE,Mining,,N/A,CAD,2022-08-03 04:00:00,T2,,,,,,,,3,,,https://thecse.com/listings
Regenera Insights Inc.,RGEN,CSE,CleanTech,,N/A,CAD,2021-08-19 04:00:00,T2,,,,,,,,3,,,https://thecse.com/listings
Regenx Tech Corp.,RGX,CSE,CleanTech,,N/A,CAD,2023-06-23 04:00:00,T2,,,,,,,,3,,,https://thecse.com/listings
Rektron Group Inc.,REK.U,CSE,Diversified Industries,,N/A,USD,2024-08-26 04:00:00,T1,,,,,,,,3,,,https://thecse.com/listings
Renforth Resources Inc.,RFR,CSE,Mining,,CSE Composite,CAD,2015-10-20 04:00:00,T2,,,,,,,,3,,,https://thecse.com/listings
Replenish Nutrients Holding Corp.,ERTH,CSE,CleanTech,,CSE Composite,CAD,2019-01-10 05:00:00,T2,,,,,,,,3,,,https://thecse.com/listings
Replenish Nutrients Holding Corp. 21JUNE2026 Warrants,ERTH.WT,CSE,CleanTech,,N/A,CAD,2022-06-22 04:00:00,T2,,,,,,,,3,,,https://thecse.com/listings
Republic Technologies Inc. (formerly was DOCT/Beyond Medical Technologies Inc until 2025-07-16),DOCT,CSE,Technology,,CSE Composite,CAD,2017-10-26 04:00:00,T2,,,,,,,,3,,,https://thecse.com/listings
ReSolve Energy Inc.,RESO,CSE,CleanTech,,CSE Composite,CAD,2025-10-29 04:00:00,T2,,,,,,,,3,,,https://thecse.com/listings
Resource Centrix Holdings Inc.,RECE,CSE,Mining,,CSE25,CAD,2023-10-18 04:00:00,T2,,,,,,,,3,,,https://thecse.com/listings
Restart Life Sciences Corp.,HEAL,CSE,Life Sciences,,CSE Composite,CAD,2016-10-21 04:00:00,T2,,,,,,,,3,,,https://thecse.com/listings
Revitalist Lifestyle and Wellness Ltd.,CALM,CSE,Life Sciences,,N/A,CAD,2021-08-24 04:00:00,T2,,,,,,,,3,,,https://thecse.com/listings
Revive Therapeutics Ltd.,RVV,CSE,Life Sciences,Cannabis,CSE Composite,CAD,2019-07-23 04:00:00,T2,,,,,,,,3,,,https://thecse.com/listings
ReVolve Renewable Power Corp.,REVV,CSE,Diversified Industries,,CSE Composite,CAD,2026-02-19 05:00:00,T2,,,,,,,,3,,,https://thecse.com/listings
Rio Grande Resources Ltd.,RGR,CSE,Mining,,CSE Composite,CAD,2025-02-07 05:00:00,T2,,,,,,,,3,,,https://thecse.com/listings
Rise Gold Corp.,RISE,CSE,Mining,,CSE Composite,CAD,2016-02-01 05:00:00,T2,,,,,,,,3,,,https://thecse.com/listings
Rise Nano Optics Ltd.,EYE,CSE,Technology,,N/A,CAD,2026-03-12 04:00:00,T2,,,,,,,,3,,,https://thecse.com/listings
Rockbridge Resources Inc.,ROCB,CSE,Mining,,N/A,CAD,2026-03-26 04:00:00,T2,,,,,,,,3,,,https://thecse.com/listings
Rocket Doctor AI Inc. (formerly was TRUE/Treatment.com AI Inc. until 2025-08-20),AIDR,CSE,Technology,,CSE Composite,CAD,2021-04-19 04:00:00,T2,,,,,,,,3,,,https://thecse.com/listings
Rockex Mining Corporation,RXM,CSE,Mining,,N/A,CAD,2015-09-14 04:00:00,T2,,,,,,,,3,,,https://thecse.com/listings
Rockland Resources Ltd,RKL,CSE,Mining,,CSE Composite,CAD,2021-02-24 05:00:00,T2,,,,,,,,3,,,https://thecse.com/listings
Rocky Shore Gold Ltd.,RSG,CSE,Mining,,CSE Composite,CAD,2024-05-23 04:00:00,T2,,,,,,,,3,,,https://thecse.com/listings
Rottenstone Gold Inc.,SK,CSE,Mining,,N/A,CAD,2020-08-28 04:00:00,T2,,,,,,,,3,,,https://thecse.com/listings
Royalties Inc.,RI,CSE,Diversified Industries,,CSE Composite,CAD,2023-04-12 04:00:00,T2,,,,,,,,3,,,https://thecse.com/listings
Rush Gold Corp.,RGN,CSE,Mining,,N/A,CAD,2025-06-23 04:00:00,T2,,,,,,,,3,,,https://thecse.com/listings
Rush Rare Metals Corp.,RSH,CSE,Mining,,CSE Composite,CAD,2023-01-26 05:00:00,T2,,,,,,,,3,,,https://thecse.com/listings
Safe Supply Streaming Co Ltd.,SPLY,CSE,Diversified Industries,,CSE Composite,CAD,2023-10-03 04:00:00,T2,,,,,,,,3,,,https://thecse.com/listings
Sankamap Metals Inc.,SCU,CSE,Mining,,CSE Composite,CAD,2023-10-19 04:00:00,T2,,,,,,,,3,,,https://thecse.com/listings
Sanu Gold Corp.,SANU,CSE,Mining,,CSE Composite,CAD,2022-07-12 04:00:00,T2,,,,,,,,3,,,https://thecse.com/listings
Sasquatch Resources Corp.,SASQ,CSE,Mining,,CSE Composite,CAD,2022-09-06 04:00:00,T2,,,,,,,,3,,,https://thecse.com/listings
Sassy Gold Corp.,SASY,CSE,Mining,,N/A,CAD,2020-08-17 04:00:00,T2,,,,,,,,3,,,https://thecse.com/listings
SBD Capital Corp. (formerly was SBD/SBD Capital Corp. until 2026-03-20),SBD.X,CSE,Diversified Industries,,N/A,CAD,2018-02-02 05:00:00,T2,,,,,,,,3,,,https://thecse.com/listings
Scotch Creek Ventures Inc.,SCV,CSE,Mining,,N/A,CAD,2019-01-02 05:00:00,T2,,,,,,,,3,,,https://thecse.com/listings
Scryb Inc.,SCYB,CSE,Technology,,CSE Composite,CAD,2015-09-01 04:00:00,T2,,,,,,,,3,,,https://thecse.com/listings
Seahawk Ventures Inc. (formerly was SEAG/Seahawk Gold Corp. until 2025-04-14),SEAG.X,CSE,Mining,,N/A,CAD,2016-05-05 04:00:00,T2,,,,,,,,3,,,https://thecse.com/listings
Sekur Private Data Ltd.,SKUR,CSE,Technology,,CSE Composite,CAD,2019-07-23 04:00:00,T2,,,,,,,,3,,,https://thecse.com/listings
Sharc International Systems Inc.,SHRC,CSE,CleanTech,,CSE Composite,CAD,2015-10-28 04:00:00,T2,,,,,,,,3,,,https://thecse.com/listings
Shelfie-Tech Ltd.,SHLF,CSE,Technology,,CSE Composite,CAD,2025-05-26 04:00:00,T2,,,,,,,,3,,,https://thecse.com/listings
Showcase Minerals Inc.,SHOW,CSE,Mining,,N/A,CAD,2023-01-18 05:00:00,T2,,,,,,,,3,,,https://thecse.com/listings
Sierra Grande Minerals Inc.,SGRO,CSE,Mining,,N/A,CAD,2018-10-16 04:00:00,T2,,,,,,,,3,,,https://thecse.com/listings
Silicon Metals Corp.,SI,CSE,Mining,,N/A,CAD,2021-08-16 04:00:00,T2,,,,,,,,3,,,https://thecse.com/listings
Silo Wellness Inc.,SILO,CSE,Life Sciences,,N/A,CAD,2021-03-05 05:00:00,T2,,,,,,,,3,,,https://thecse.com/listings
Silver Acadia Exploration Inc. (formerly was CME/Canadian Metals Inc. until 2026-02-10),SLA,CSE,Mining,,CSE Composite,CAD,2015-09-01 04:00:00,T2,,,,,,,,3,,,https://thecse.com/listings
Silver Dollar Resources Inc.,SLV,CSE,Mining,,CSE Composite,CAD,2020-05-29 04:00:00,T2,,,,,,,,3,,,https://thecse.com/listings
Silver Hammer Mining Corp,HAMR,CSE,Mining,,CSE Composite,CAD,2021-05-03 04:00:00,T2,,,,,,,,3,,,https://thecse.com/listings
Silver Sands Resources Corp.,SAND,CSE,Mining,,N/A,CAD,2019-11-27 05:00:00,T2,,,,,,,,3,,,https://thecse.com/listings
Silverstock Metals Inc.,STK,CSE,Mining,,CSE Composite,CAD,2021-09-01 04:00:00,T2,,,,,,,,3,,,https://thecse.com/listings
Sixty North Gold Mining Inc.,SXTY,CSE,Mining,,CSE Composite,CAD,2018-04-19 04:00:00,T2,,,,,,,,3,,,https://thecse.com/listings
Sixty Six Capital Inc.,SIX,CSE,Technology,Blockchain,CSE Composite,CAD,2018-06-13 04:00:00,T2,,,,,,,,3,,,https://thecse.com/listings
Skycap Investment Holdings Inc.,SKY,CSE,Diversified Industries,,N/A,CAD,2021-11-03 04:00:00,T2,,,,,,,,3,,,https://thecse.com/listings
Slave Lake Zinc Corp,SLZ,CSE,Mining,,N/A,CAD,2018-11-07 05:00:00,T2,,,,,,,,3,,,https://thecse.com/listings
SNDL Inc.,SNDL,CSE,Diversified Industries,,CSE25,CAD,2025-04-11 04:00:00,T1,,,,,,,,3,,,https://thecse.com/listings
SOL Global Investments Corp.,SOL,CSE,Life Sciences,Blockchain,N/A,CAD,2018-08-15 04:00:00,T2,,,,,,,,3,,,https://thecse.com/listings
Sol Strategies Inc.,HODL,CSE,Diversified Industries,Blockchain,CSE Composite,CAD,2015-09-02 04:00:00,T2,,,,,,,,3,,,https://thecse.com/listings
Sona Nanotech Inc.,SONA,CSE,Technology,,CSE Composite,CAD,2018-10-04 04:00:00,T2,,,,,,,,3,,,https://thecse.com/listings
SonicStrategy Inc. (formerly was SPTZ/Spetz Inc. until 2025-12-01),SONI,CSE,Technology,,CSE Composite,CAD,2019-03-18 04:00:00,T2,,,,,,,,3,,,https://thecse.com/listings
Sorrento Resources Ltd.,SRS,CSE,Mining,,CSE Composite,CAD,2023-02-24 05:00:00,T2,,,,,,,,3,,,https://thecse.com/listings
Spacefy Inc.,SPFY,CSE,Technology,,N/A,CAD,2018-11-29 05:00:00,T2,,,,,,,,3,,,https://thecse.com/listings
Sparc AI Inc.,SPAI,CSE,Technology,,CSE Composite,CAD,2020-12-04 05:00:00,T2,,,,,,,,3,,,https://thecse.com/listings
Spark Energy Minerals Inc.,SPRK,CSE,Mining,,CSE Composite,CAD,2015-09-08 04:00:00,T2,,,,,,,,3,,,https://thecse.com/listings
Spirit Blockchain Capital Inc.,SPIR,CSE,Technology,,N/A,CAD,2022-09-14 04:00:00,T2,,,,,,,,3,,,https://thecse.com/listings
Spod Lithium Corp.,SPOD,CSE,Mining,,N/A,CAD,2021-06-21 04:00:00,T2,,,,,,,,3,,,https://thecse.com/listings
"SpotLite360 IOT Solutions, Inc",LITE,CSE,Technology,,N/A,CAD,2021-06-15 04:00:00,T2,,,,,,,,3,,,https://thecse.com/listings
Sprout AI Inc.,BYFM,CSE,Technology,,N/A,CAD,2021-07-05 04:00:00,T2,,,,,,,,3,,,https://thecse.com/listings
Sproutly Canada Inc.,SPR,CSE,Life Sciences,Cannabis,N/A,CAD,2018-07-09 04:00:00,T2,,,,,,,,3,,,https://thecse.com/listings
SQID Technologies Limited,SQID,CSE,Technology,,N/A,CAD,2020-01-21 05:00:00,T2,,,,,,,,3,,,https://thecse.com/listings
Squatex Energy and Ressources Inc.,SQX,CSE,Oil and Gas,,N/A,CAD,2017-04-03 04:00:00,T2,,,,,,,,3,,,https://thecse.com/listings
Sranan Gold Corp (formerly was PEK/Peak Minerals Ltd. until 2025-04-07),SRAN,CSE,Mining,,CSE Composite,CAD,2022-09-29 04:00:00,T2,,,,,,,,3,,,https://thecse.com/listings
St-Georges Eco-Mining Corp.,SX,CSE,Mining,,CSE Composite,CAD,2015-09-11 04:00:00,T2,,,,,,,,3,,,https://thecse.com/listings
Standard Strategies Inc. (formerly was MIDO/Midori Carbon Inc. until 2025-06-04),SBTC,CSE,Technology,Blockchain,N/A,CAD,2024-09-20 04:00:00,T2,,,,,,,,3,,,https://thecse.com/listings
Star Copper Corp.,STCU,CSE,Mining,,CSE Composite,CAD,2019-08-09 04:00:00,T2,,,,,,,,3,,,https://thecse.com/listings
Star Navigation Systems Group Ltd.,SNA,CSE,Technology,,CSE Composite,CAD,2017-04-07 04:00:00,T2,,,,,,,,3,,,https://thecse.com/listings
Stardust Metal Corp. (formerly was MIS/Mistango River Resources Inc. until 2025-11-20),ZIGY,CSE,Mining,,CSE Composite,CAD,2015-09-02 04:00:00,T2,,,,,,,,3,,,https://thecse.com/listings
Starlo Ventures Ltd.,SLO,CSE,Mining,,CSE Composite,CAD,2023-03-27 04:00:00,T2,,,,,,,,3,,,https://thecse.com/listings
Starmet Ventures Inc.,STAR,CSE,Mining,,CSE Composite,CAD,2022-10-19 04:00:00,T2,,,,,,,,3,,,https://thecse.com/listings
Steadright Critical Minerals Inc.,SCM,CSE,Mining,,CSE Composite,CAD,2022-10-06 04:00:00,T2,,,,,,,,3,,,https://thecse.com/listings
Steep Hill Inc.,STPH,CSE,Life Sciences,Cannabis,N/A,CAD,2020-10-09 04:00:00,T2,,,,,,,,3,,,https://thecse.com/listings
StickIt Technologies Inc.,STKT,CSE,Technology,,N/A,CAD,2023-10-27 04:00:00,T2,,,,,,,,3,,,https://thecse.com/listings
Stinger Resources Inc.,STNG,CSE,Mining,,N/A,CAD,2025-11-10 05:00:00,T2,,,,,,,,3,,,https://thecse.com/listings
Stock Trend Capital Inc. (formerly was PUMP/Stock Trend Capital Inc. until 2026-01-30),STCQ,CSE,Diversified Industries,,CSE Composite,CAD,2019-03-21 04:00:00,T2,,,,,,,,3,,,https://thecse.com/listings
StrategX Elements Corp.,STGX,CSE,Mining,,CSE Composite,CAD,2022-01-10 05:00:00,T2,,,,,,,,3,,,https://thecse.com/listings
Strathmore Plus Uranium Corp.,SUU,CSE,Mining,,CSE Composite,CAD,2025-05-12 04:00:00,T2,,,,,,,,3,,,https://thecse.com/listings
Street Capital Inc.,STRC.X,CSE,Life Sciences,,N/A,CAD,2021-06-03 04:00:00,T2,,,,,,,,3,,,https://thecse.com/listings
Super Copper Corp.,CUPR,CSE,Mining,,CSE Composite,CAD,2024-10-07 04:00:00,T2,,,,,,,,3,,,https://thecse.com/listings
Super Lithium Corp.,SL,CSE,Mining,,CSE Composite,CAD,2025-09-03 04:00:00,T2,,,,,,,,3,,,https://thecse.com/listings
SuperQ Quantum Computing Inc.,QBTQ,CSE,Technology,,CSE Composite,CAD,2025-07-10 04:00:00,T2,,,,,,,,3,,,https://thecse.com/listings
Supreme Critical Metals Inc.,CRIT,CSE,Diversified Industries,,CSE Composite,CAD,2019-02-19 05:00:00,T2,,,,,,,,3,,,https://thecse.com/listings
SureNano Science Ltd,SURE,CSE,Technology,,CSE Composite,CAD,2021-12-20 05:00:00,T2,,,,,,,,3,,,https://thecse.com/listings
Surface Metals Inc. (formerly was ACME/ACME Lithium Inc. until 2025-04-25),SUR,CSE,Mining,,CSE Composite,CAD,2021-04-28 04:00:00,T2,,,,,,,,3,,,https://thecse.com/listings
Sweet Earth Holdings Corporation,SE,CSE,Life Sciences,US Cannabis,N/A,CAD,2020-05-26 04:00:00,T2,,,,,,,,3,,,https://thecse.com/listings
SWMBRD Sports Inc.,SWIM,CSE,Diversified Industries,,N/A,CAD,2022-02-16 05:00:00,T2,,,,,,,,3,,,https://thecse.com/listings
Syntheia Corp.,SYAI,CSE,Technology,,CSE Composite,CAD,2024-10-02 04:00:00,T2,,,,,,,,3,,,https://thecse.com/listings
TAAT Global Alternatives Inc.,TAAT,CSE,Life Sciences,Cannabis,N/A,CAD,2020-06-22 04:00:00,T2,,,,,,,,3,,,https://thecse.com/listings
Talent Infinity Resource Developments Inc.,TICO,CSE,Mining,,CSE Composite,CAD,2022-04-29 04:00:00,T2,,,,,,,,3,,,https://thecse.com/listings
Talmora Diamond Inc.,TAI,CSE,Mining,,N/A,CAD,2015-09-24 04:00:00,T2,,,,,,,,3,,,https://thecse.com/listings
Tana Resources Corp.,TANA,CSE,Mining,,N/A,CAD,2022-06-21 04:00:00,T2,,,,,,,,3,,,https://thecse.com/listings
Tantalex Lithium Resources Corporation,TTX,CSE,Mining,,N/A,CAD,2015-11-10 05:00:00,T2,,,,,,,,3,,,https://thecse.com/listings
Tarachi Gold Corp.,TRG,CSE,Mining,,CSE Composite,CAD,2018-10-25 04:00:00,T2,,,,,,,,3,,,https://thecse.com/listings
Targa Exploration Corp.,TEX,CSE,Mining,,CSE Composite,CAD,2022-09-27 04:00:00,T2,,,,,,,,3,,,https://thecse.com/listings
Target Metals Corp.,TARG,CSE,Mining,,N/A,CAD,2022-04-19 04:00:00,T2,,,,,,,,3,,,https://thecse.com/listings
Tartisan Nickel Corp.,TN,CSE,Mining,,CSE Composite,CAD,2015-09-01 04:00:00,T2,,,,,,,,3,,,https://thecse.com/listings
Taurus Gold Corp.,TAUR,CSE,Mining,,CSE Composite,CAD,2022-09-15 04:00:00,T2,,,,,,,,3,,,https://thecse.com/listings
Teako Minerals Corp.,TMIN,CSE,Mining,,CSE Composite,CAD,2021-08-19 04:00:00,T2,,,,,,,,3,,,https://thecse.com/listings
Telescope Innovations Corp.,TELI,CSE,Technology,,CSE Composite,CAD,2021-09-27 04:00:00,T2,,,,,,,,3,,,https://thecse.com/listings
Temas Resources Corp.,TMAS,CSE,Mining,,CSE Composite,CAD,2020-05-19 04:00:00,T2,,,,,,,,3,,,https://thecse.com/listings
TempraMed Technologies Ltd.,VIVI,CSE,Life Sciences,,CSE Composite,CAD,2025-10-15 04:00:00,T2,,,,,,,,3,,,https://thecse.com/listings
Tempus Capital Inc.,TEMP,CSE,Diversified Industries,,N/A,CAD,2019-02-27 05:00:00,T2,,,,,,,,3,,,https://thecse.com/listings
Tenet Fintech Group Inc,PKK,CSE,Technology,,N/A,CAD,2015-11-02 05:00:00,T2,,,,,,,,3,,,https://thecse.com/listings
Terra Balcanica Resources Corp.,TERA,CSE,Mining,,CSE Composite,CAD,2022-06-20 04:00:00,T2,,,,,,,,3,,,https://thecse.com/listings
Terra Clean Energy Corp.,TCEC,CSE,Mining,,CSE Composite,CAD,2023-06-02 04:00:00,T2,,,,,,,,3,,,https://thecse.com/listings
Terranueva Corporation,TEQ,CSE,Life Sciences,Cannabis,N/A,CAD,2018-12-17 05:00:00,T2,,,,,,,,3,,,https://thecse.com/listings
Tevano Systems Holdings Inc.,TEVO,CSE,Technology,Blockchain,N/A,CAD,2021-03-19 04:00:00,T2,,,,,,,,3,,,https://thecse.com/listings
The Canadian Chrome Company Inc. (formerly was CACR/KWG Resources Inc. until 2025-08-06),CACR,CSE,Mining,,CSE Composite,CAD,2015-09-01 04:00:00,T2,,,,,,,,3,,,https://thecse.com/listings
The Canadian Chrome Company Inc. Multiple Voting Shares (formerly was CACR.A/KWG Resources Inc. MVS until 2025-08-06),CACR.A,CSE,Mining,,N/A,CAD,2017-04-28 04:00:00,T2,,,,,,,,3,,,https://thecse.com/listings
The Precision Peptide Company Inc. (formerly was PNGA/Pangea Wellness Inc. until 2026-03-17),BPC,CSE,Diversified Industries,,CSE Composite,CAD,2022-07-04 04:00:00,T2,,,,,,,,3,,,https://thecse.com/listings
The Yumy Candy Company Inc,TYUM,CSE,Diversified Industries,,N/A,CAD,2021-07-09 04:00:00,T2,,,,,,,,3,,,https://thecse.com/listings
ThreeD Capital Inc.,IDK,CSE,Diversified Industries,Blockchain,CSE Composite,CAD,2016-07-06 04:00:00,T2,,,,,,,,3,,,https://thecse.com/listings
Tier One Capital Limited Partnership,TLP.UN,CSE,Diversified Industries,,CSE Composite,CAD,2015-09-01 04:00:00,T2,,,,,,,,3,,,https://thecse.com/listings
Titan Technology Corp.,TTC,CSE,Technology,,N/A,CAD,2026-01-26 05:00:00,T2,,,,,,,,3,,,https://thecse.com/listings
Tocvan Ventures Corp.,TOC,CSE,Mining,,CSE Composite,CAD,2019-03-01 05:00:00,T2,,,,,,,,3,,,https://thecse.com/listings
Toggle3D.ai Inc.,TGGL,CSE,Technology,,N/A,CAD,2023-06-14 04:00:00,T2,,,,,,,,3,,,https://thecse.com/listings
Tokenwell Platforms Inc.,TWEL,CSE,Technology,,CSE Composite,CAD,2025-08-07 04:00:00,T2,,,,,,,,3,,,https://thecse.com/listings
Torrent Gold Inc.,TGLD,CSE,Mining,,N/A,CAD,2020-02-03 05:00:00,T2,,,,,,,,3,,,https://thecse.com/listings
Traction Uranium Corp.,TRAC,CSE,Mining,,N/A,CAD,2021-09-01 04:00:00,T2,,,,,,,,3,,,https://thecse.com/listings
Transcanna Holdings Inc.,TCAN,CSE,Life Sciences,US Cannabis,N/A,CAD,2019-01-09 05:00:00,T2,,,,,,,,3,,,https://thecse.com/listings
Trenchant Technologies Capital Corp.,AITT,CSE,Diversified Industries,,N/A,CAD,2020-08-28 04:00:00,T2,,,,,,,,3,,,https://thecse.com/listings
Trillion Energy International Inc.,TCF,CSE,Oil and Gas,,CSE Composite,CAD,2020-02-11 05:00:00,T2,,,,,,,,3,,,https://thecse.com/listings
Triple One Metals Inc.,TONE,CSE,Mining,,N/A,CAD,2021-10-29 04:00:00,T2,,,,,,,,3,,,https://thecse.com/listings
TripSitter Clinic Ltd.,KETA,CSE,Technology,,N/A,CAD,2021-11-29 05:00:00,T2,,,,,,,,3,,,https://thecse.com/listings
Trojan Gold Inc.,TGII,CSE,Mining,,N/A,CAD,2021-12-17 05:00:00,T2,,,,,,,,3,,,https://thecse.com/listings
Trulieve Cannabis Corp.,TRUL,CSE,Life Sciences,US Cannabis,CSE25,CAD,2018-09-25 04:00:00,T2,,,,,,,,3,,,https://thecse.com/listings
"Tuga Innovations, Inc.",TUGA,CSE,CleanTech,,N/A,CAD,2021-12-09 05:00:00,T2,,,,,,,,3,,,https://thecse.com/listings
Two Hands Corporation,TWOH.X,CSE,Diversified Industries,,N/A,CAD,2022-08-05 04:00:00,T2,,,,,,,,3,,,https://thecse.com/listings
UBERDOC Health Technologies Corp.,APPT,CSE,Technology,,N/A,CAD,2026-03-18 04:00:00,T2,,,,,,,,3,,,https://thecse.com/listings
Ubique Minerals Limited,UBQ,CSE,Mining,,N/A,CAD,2018-09-12 04:00:00,T2,,,,,,,,3,,,https://thecse.com/listings
Ultra Brands Ltd.,ULTA,CSE,Life Sciences,,N/A,CAD,2018-04-05 04:00:00,T2,,,,,,,,3,,,https://thecse.com/listings
UniDoc Health Corp.,UDOC,CSE,Technology,,CSE Composite,CAD,2021-12-13 05:00:00,T2,,,,,,,,3,,,https://thecse.com/listings
United Critical Minerals Corp. (formerly was TRM/Trimera Metals Corp. until 2025-11-28),UCM,CSE,Mining,,CSE Composite,CAD,2025-06-23 04:00:00,T2,,,,,,,,3,,,https://thecse.com/listings
United Lithium Corp.,ULTH,CSE,Mining,,CSE Composite,CAD,2017-12-27 05:00:00,T2,,,,,,,,3,,,https://thecse.com/listings
Universal Digital Inc. (formerly was MINA/Minas Metals Ltd. until 2025-04-29),LFG,CSE,Diversified Industries,,CSE Composite,CAD,2022-04-05 04:00:00,T2,,,,,,,,3,,,https://thecse.com/listings
Upside Gold Corp.,UG,CSE,Mining,,CSE Composite,CAD,2026-01-05 05:00:00,T2,,,,,,,,3,,,https://thecse.com/listings
UraniumX Discovery Corp. (formerly was STMN/Stearman Resources Inc. until 2025-12-30),STMN,CSE,Mining,,CSE Composite,CAD,2023-01-24 05:00:00,T2,,,,,,,,3,,,https://thecse.com/listings
Urano Energy Corp.,UE,CSE,Mining,,CSE Composite,CAD,2015-09-02 04:00:00,T2,,,,,,,,3,,,https://thecse.com/listings
Urbana Corporation,URB,CSE,Diversified Industries,,N/A,CAD,2015-08-07 04:00:00,T1,,,,,,,,3,,,https://thecse.com/listings
Urbana Corporation A NV,URB.A,CSE,Diversified Industries,,CSE25,CAD,2014-01-09 05:00:00,T1,,,,,,,,3,,,https://thecse.com/listings
Uriel Gas Holdings Corp.,UGH,CSE,Oil and Gas,,N/A,CAD,2023-01-11 05:00:00,T2,,,,,,,,3,,,https://thecse.com/listings
US Critical Metals Corp.,USCM,CSE,Mining,,CSE Composite,CAD,2023-09-11 04:00:00,T2,,,,,,,,3,,,https://thecse.com/listings
Valdor Technology International Inc.,VTI,CSE,Technology,,N/A,CAD,2021-06-25 04:00:00,T2,,,,,,,,3,,,https://thecse.com/listings
Vanguard Mining Corp.,UUU,CSE,Mining,,CSE Composite,CAD,2022-03-04 05:00:00,T2,,,,,,,,3,,,https://thecse.com/listings
Vanta Holdings Inc. (formerly was FGH/Forte Group Holdings Inc. until 2026-01-12),VNTA,CSE,Life Sciences,Cannabis,CSE Composite,CAD,2019-07-02 04:00:00,T2,,,,,,,,3,,,https://thecse.com/listings
Vegano Foods Inc.,VAGN,CSE,Life Sciences,,N/A,CAD,2022-02-15 05:00:00,T2,,,,,,,,3,,,https://thecse.com/listings
Vencanna Ventures Inc.,VENI,CSE,Life Sciences,US Cannabis,N/A,CAD,2018-09-24 04:00:00,T2,,,,,,,,3,,,https://thecse.com/listings
"Vext Science, Inc.",VEXT,CSE,Life Sciences,US Cannabis,CSE Composite,CAD,2019-05-13 04:00:00,T2,,,,,,,,3,,,https://thecse.com/listings
Vibe Growth Corporation,VIBE,CSE,Life Sciences,"Cannabis, US Cannabis",N/A,CAD,2019-04-03 04:00:00,T2,,,,,,,,3,,,https://thecse.com/listings
Vice Health and Wellness Inc.,VICE,CSE,Diversified Industries,US Cannabis,N/A,CAD,2018-10-15 04:00:00,T2,,,,,,,,3,,,https://thecse.com/listings
Victory Square Technologies Inc.,VST,CSE,Technology,Blockchain,CSE Composite,CAD,2016-05-04 04:00:00,T2,,,,,,,,3,,,https://thecse.com/listings
Vireo Growth Inc.,VREO,CSE,Life Sciences,US Cannabis,CSE25,CAD,2019-03-20 04:00:00,T2,,,,,,,,3,,,https://thecse.com/listings
Viridian Metals Inc. (formerly was VRDN/Viridian Metals Corp. until 2025-04-10),VRDN,CSE,Mining,,CSE Composite,CAD,2025-02-06 05:00:00,T2,,,,,,,,3,,,https://thecse.com/listings
Volatus Capital Corp. (formerly was VC/Volatus Capital Corp. until 2026-02-27),VC.X,CSE,Mining,,N/A,CAD,2019-08-28 04:00:00,T2,,,,,,,,3,,,https://thecse.com/listings
Volta Metals Ltd.,VLTA,CSE,Mining,,CSE Composite,CAD,2023-05-31 04:00:00,T2,,,,,,,,3,,,https://thecse.com/listings
Voltage Metals Corp.,VOLT,CSE,Mining,,N/A,CAD,2022-03-18 04:00:00,T2,,,,,,,,3,,,https://thecse.com/listings
Vortex Energy Corp.,VRTX,CSE,Mining,,CSE Composite,CAD,2022-12-28 05:00:00,T2,,,,,,,,3,,,https://thecse.com/listings
VSBLTY Groupe Technologies Corp.,VSBY,CSE,Technology,Blockchain,N/A,CAD,2019-02-27 05:00:00,T2,,,,,,,,3,,,https://thecse.com/listings
Waraba Gold Limited,WBGD,CSE,Mining,,CSE Composite,CAD,2018-10-11 04:00:00,T2,,,,,,,,3,,,https://thecse.com/listings
Waskahigan Oil & Gas Corp.,WOGC,CSE,Oil and Gas,,N/A,CAD,2022-07-28 04:00:00,T2,,,,,,,,3,,,https://thecse.com/listings
Waverunner Capital Inc.,WRUN,CSE,Technology,,N/A,CAD,2015-10-01 04:00:00,T2,,,,,,,,3,,,https://thecse.com/listings
Way of Will Inc.,WAY,CSE,Diversified Industries,,N/A,CAD,2022-01-31 05:00:00,T2,,,,,,,,3,,,https://thecse.com/listings
Wedgemount Resources Corp,WDGY,CSE,Mining,,N/A,CAD,2021-05-21 04:00:00,T2,,,,,,,,3,,,https://thecse.com/listings
Wesana Health Holdings Inc.,WESA.X,CSE,Life Sciences,,N/A,CAD,2021-05-10 04:00:00,T2,,,,,,,,3,,,https://thecse.com/listings
West Island Brands Inc,WIB,CSE,Life Sciences,Cannabis,N/A,CAD,2015-09-01 04:00:00,T2,,,,,,,,3,,,https://thecse.com/listings
West Mining Corp.,WEST,CSE,Mining,,N/A,CAD,2020-12-07 05:00:00,T2,,,,,,,,3,,,https://thecse.com/listings
Western Star Resources Inc.,WSR,CSE,Mining,,CSE Composite,CAD,2023-02-09 05:00:00,T2,,,,,,,,3,,,https://thecse.com/listings
Western Uranium & Vanadium Corp.,WUC,CSE,Mining,,CSE Composite,CAD,2015-09-01 04:00:00,T2,,,,,,,,3,,,https://thecse.com/listings
Westmount Minerals Corp,WMC,CSE,Mining,,N/A,CAD,2022-03-18 04:00:00,T2,,,,,,,,3,,,https://thecse.com/listings
Westward Gold Inc.,WG,CSE,Mining,,CSE Composite,CAD,2019-05-30 04:00:00,T2,,,,,,,,3,,,https://thecse.com/listings
Windfall Geotek Inc.,WIN,CSE,Technology,,CSE Composite,CAD,2024-08-15 04:00:00,T2,,,,,,,,3,,,https://thecse.com/listings
WISR AI Systems Inc.,WISR,CSE,Technology,,CSE Composite,CAD,2025-05-13 04:00:00,T2,,,,,,,,3,,,https://thecse.com/listings
World Blockchain Corp. (formerly was CK/World Blockchain Corp. until 2025-11-17),WBG,CSE,Technology,Blockchain,N/A,CAD,2018-09-10 04:00:00,T2,,,,,,,,3,,,https://thecse.com/listings
WPD Pharmaceuticals Inc.,WBIO,CSE,Life Sciences,,N/A,CAD,2019-12-27 05:00:00,T2,,,,,,,,3,,,https://thecse.com/listings
WSM Ventures Corp.,WSM.X,CSE,Diversified Industries,Blockchain,N/A,CAD,2015-12-01 05:00:00,T2,,,,,,,,3,,,https://thecse.com/listings
Xcite Uranium Inc. (formerly was XRI/Xcite Resources Inc. until 2026-03-06),XRI,CSE,Mining,,CSE Composite,CAD,2023-02-23 05:00:00,T2,,,,,,,,3,,,https://thecse.com/listings
Xebra Brands Ltd,XBRA,CSE,Life Sciences,Cannabis,N/A,CAD,2021-10-18 04:00:00,T2,,,,,,,,3,,,https://thecse.com/listings
Xigem Technologies Corporation,XIGM,CSE,Technology,,N/A,CAD,2021-03-15 04:00:00,T2,,,,,,,,3,,,https://thecse.com/listings
XR Immersive Tech Inc.,VRAI,CSE,Technology,,N/A,CAD,2021-09-08 04:00:00,T2,,,,,,,,3,,,https://thecse.com/listings
XTM Inc.,PAID,CSE,Technology,,N/A,CAD,2020-03-10 04:00:00,T2,,,,,,,,3,,,https://thecse.com/listings
Yukon Metals Corp.,YMC,CSE,Mining,,CSE Composite,CAD,2024-06-03 04:00:00,T2,,,,,,,,3,,,https://thecse.com/listings
ZeU Technologies Inc.,ZEU,CSE,Technology,,N/A,CAD,2019-12-30 05:00:00,T2,,,,,,,,3,,,https://thecse.com/listings
Zeus North America Mining Corp.,ZEUS,CSE,Mining,,CSE Composite,CAD,2022-12-13 05:00:00,T2,,,,,,,,3,,,https://thecse.com/listings
Zoglos Food Corp. (formerly was ZOG/Zoglos Food Corp. until 2025-09-16),ZOG.X,CSE,Diversified Industries,,N/A,CAD,2021-07-26 04:00:00,T2,,,,,,,,3,,,https://thecse.com/listings
ZTEST Electronics Inc.,ZTE,CSE,Technology,,CSE Composite,CAD,2015-09-22 04:00:00,T2,,,,,,,,3,,,https://thecse.com/listings
